mode: atomic
github.com/calypr/git-drs/cmd/addref/add-ref.go:21.54,30.17 6 0
github.com/calypr/git-drs/cmd/addref/add-ref.go:30.17,32.4 1 0
github.com/calypr/git-drs/cmd/addref/add-ref.go:34.3,35.17 2 0
github.com/calypr/git-drs/cmd/addref/add-ref.go:35.17,38.4 2 0
github.com/calypr/git-drs/cmd/addref/add-ref.go:40.3,41.17 2 0
github.com/calypr/git-drs/cmd/addref/add-ref.go:41.17,43.4 1 0
github.com/calypr/git-drs/cmd/addref/add-ref.go:45.3,46.17 2 0
github.com/calypr/git-drs/cmd/addref/add-ref.go:46.17,48.4 1 0
github.com/calypr/git-drs/cmd/addref/add-ref.go:49.3,51.25 3 0
github.com/calypr/git-drs/cmd/addref/add-ref.go:51.25,54.4 1 0
github.com/calypr/git-drs/cmd/addref/add-ref.go:56.3,57.13 2 0
github.com/calypr/git-drs/cmd/addref/add-ref.go:61.13,63.2 1 1
github.com/calypr/git-drs/cmd/copyrecords/main.go:80.63,82.2 1 0
github.com/calypr/git-drs/cmd/copyrecords/main.go:84.118,86.21 2 0
github.com/calypr/git-drs/cmd/copyrecords/main.go:86.21,88.3 1 0
github.com/calypr/git-drs/cmd/copyrecords/main.go:89.2,89.20 1 0
github.com/calypr/git-drs/cmd/copyrecords/main.go:89.20,91.3 1 0
github.com/calypr/git-drs/cmd/copyrecords/main.go:92.2,92.29 1 0
github.com/calypr/git-drs/cmd/copyrecords/main.go:92.29,94.3 1 0
github.com/calypr/git-drs/cmd/copyrecords/main.go:95.2,95.26 1 0
github.com/calypr/git-drs/cmd/copyrecords/main.go:95.26,97.3 1 0
github.com/calypr/git-drs/cmd/copyrecords/main.go:98.2,98.21 1 0
github.com/calypr/git-drs/cmd/copyrecords/main.go:98.21,100.3 1 0
github.com/calypr/git-drs/cmd/copyrecords/main.go:101.2,101.20 1 0
github.com/calypr/git-drs/cmd/copyrecords/main.go:101.20,103.3 1 0
github.com/calypr/git-drs/cmd/copyrecords/main.go:104.2,105.114 2 0
github.com/calypr/git-drs/cmd/copyrecords/main.go:105.114,107.3 1 0
github.com/calypr/git-drs/cmd/copyrecords/main.go:108.2,108.17 1 0
github.com/calypr/git-drs/cmd/copyrecords/main.go:111.95,113.98 2 0
github.com/calypr/git-drs/cmd/copyrecords/main.go:113.98,115.3 1 0
github.com/calypr/git-drs/cmd/copyrecords/main.go:116.2,116.17 1 0
github.com/calypr/git-drs/cmd/copyrecords/main.go:119.104,121.128 2 0
github.com/calypr/git-drs/cmd/copyrecords/main.go:121.128,123.3 1 0
github.com/calypr/git-drs/cmd/copyrecords/main.go:124.2,124.17 1 0
github.com/calypr/git-drs/cmd/copyrecords/main.go:127.115,129.87 2 0
github.com/calypr/git-drs/cmd/copyrecords/main.go:129.87,131.3 1 0
github.com/calypr/git-drs/cmd/copyrecords/main.go:132.2,132.17 1 0
github.com/calypr/git-drs/cmd/copyrecords/main.go:140.54,143.17 3 0
github.com/calypr/git-drs/cmd/copyrecords/main.go:143.17,145.4 1 0
github.com/calypr/git-drs/cmd/copyrecords/main.go:147.3,150.21 4 0
github.com/calypr/git-drs/cmd/copyrecords/main.go:150.21,153.4 2 0
github.com/calypr/git-drs/cmd/copyrecords/main.go:153.9,157.4 3 0
github.com/calypr/git-drs/cmd/copyrecords/main.go:159.3,160.17 2 0
github.com/calypr/git-drs/cmd/copyrecords/main.go:160.17,162.4 1 0
github.com/calypr/git-drs/cmd/copyrecords/main.go:163.3,163.44 1 0
github.com/calypr/git-drs/cmd/copyrecords/main.go:163.44,165.4 1 0
github.com/calypr/git-drs/cmd/copyrecords/main.go:166.3,167.37 2 0
github.com/calypr/git-drs/cmd/copyrecords/main.go:167.37,169.4 1 0
github.com/calypr/git-drs/cmd/copyrecords/main.go:171.3,172.20 2 0
github.com/calypr/git-drs/cmd/copyrecords/main.go:172.20,174.4 1 0
github.com/calypr/git-drs/cmd/copyrecords/main.go:176.3,177.17 2 0
github.com/calypr/git-drs/cmd/copyrecords/main.go:177.17,179.4 1 0
github.com/calypr/git-drs/cmd/copyrecords/main.go:181.3,182.17 2 0
github.com/calypr/git-drs/cmd/copyrecords/main.go:182.17,184.4 1 0
github.com/calypr/git-drs/cmd/copyrecords/main.go:185.3,186.17 2 0
github.com/calypr/git-drs/cmd/copyrecords/main.go:186.17,188.4 1 0
github.com/calypr/git-drs/cmd/copyrecords/main.go:190.3,200.17 2 0
github.com/calypr/git-drs/cmd/copyrecords/main.go:200.17,202.4 1 0
github.com/calypr/git-drs/cmd/copyrecords/main.go:204.3,215.13 2 0
github.com/calypr/git-drs/cmd/copyrecords/main.go:219.13,222.2 2 1
github.com/calypr/git-drs/cmd/copyrecords/main.go:224.56,226.15 2 0
github.com/calypr/git-drs/cmd/copyrecords/main.go:226.15,228.3 1 0
github.com/calypr/git-drs/cmd/copyrecords/main.go:229.2,230.21 2 0
github.com/calypr/git-drs/cmd/copyrecords/main.go:230.21,232.3 1 0
github.com/calypr/git-drs/cmd/copyrecords/main.go:233.2,235.32 3 0
github.com/calypr/git-drs/cmd/copyrecords/main.go:235.32,237.3 1 0
github.com/calypr/git-drs/cmd/copyrecords/main.go:238.2,238.26 1 0
github.com/calypr/git-drs/cmd/copyrecords/main.go:241.178,242.20 1 2
github.com/calypr/git-drs/cmd/copyrecords/main.go:242.20,244.3 1 0
github.com/calypr/git-drs/cmd/copyrecords/main.go:246.2,249.16 4 2
github.com/calypr/git-drs/cmd/copyrecords/main.go:249.16,251.3 1 0
github.com/calypr/git-drs/cmd/copyrecords/main.go:252.2,255.59 3 2
github.com/calypr/git-drs/cmd/copyrecords/main.go:255.59,257.25 2 2
github.com/calypr/git-drs/cmd/copyrecords/main.go:257.25,259.4 1 2
github.com/calypr/git-drs/cmd/copyrecords/main.go:260.3,263.17 4 2
github.com/calypr/git-drs/cmd/copyrecords/main.go:263.17,265.4 1 0
github.com/calypr/git-drs/cmd/copyrecords/main.go:266.3,270.23 4 2
github.com/calypr/git-drs/cmd/copyrecords/main.go:270.23,272.18 2 2
github.com/calypr/git-drs/cmd/copyrecords/main.go:272.18,274.5 1 0
github.com/calypr/git-drs/cmd/copyrecords/main.go:275.4,275.27 1 2
github.com/calypr/git-drs/cmd/copyrecords/main.go:275.27,277.5 1 2
github.com/calypr/git-drs/cmd/copyrecords/main.go:277.10,279.5 1 0
github.com/calypr/git-drs/cmd/copyrecords/main.go:281.3,292.20 2 2
github.com/calypr/git-drs/cmd/copyrecords/main.go:292.20,303.4 1 0
github.com/calypr/git-drs/cmd/copyrecords/main.go:306.2,306.19 1 2
github.com/calypr/git-drs/cmd/copyrecords/main.go:309.135,311.16 2 2
github.com/calypr/git-drs/cmd/copyrecords/main.go:311.16,313.3 1 0
github.com/calypr/git-drs/cmd/copyrecords/main.go:314.2,314.20 1 2
github.com/calypr/git-drs/cmd/copyrecords/main.go:314.20,316.3 1 0
github.com/calypr/git-drs/cmd/copyrecords/main.go:318.2,321.6 4 2
github.com/calypr/git-drs/cmd/copyrecords/main.go:321.6,327.17 3 2
github.com/calypr/git-drs/cmd/copyrecords/main.go:327.17,329.4 1 0
github.com/calypr/git-drs/cmd/copyrecords/main.go:330.3,331.30 2 2
github.com/calypr/git-drs/cmd/copyrecords/main.go:331.30,333.4 1 2
github.com/calypr/git-drs/cmd/copyrecords/main.go:334.3,334.24 1 2
github.com/calypr/git-drs/cmd/copyrecords/main.go:334.24,335.9 1 0
github.com/calypr/git-drs/cmd/copyrecords/main.go:337.3,337.31 1 2
github.com/calypr/git-drs/cmd/copyrecords/main.go:337.31,338.49 1 5
github.com/calypr/git-drs/cmd/copyrecords/main.go:338.49,339.13 1 2
github.com/calypr/git-drs/cmd/copyrecords/main.go:341.4,342.17 2 3
github.com/calypr/git-drs/cmd/copyrecords/main.go:342.17,343.13 1 0
github.com/calypr/git-drs/cmd/copyrecords/main.go:345.4,345.30 1 3
github.com/calypr/git-drs/cmd/copyrecords/main.go:345.30,346.13 1 0
github.com/calypr/git-drs/cmd/copyrecords/main.go:348.4,349.26 2 3
github.com/calypr/git-drs/cmd/copyrecords/main.go:351.3,351.31 1 2
github.com/calypr/git-drs/cmd/copyrecords/main.go:351.31,352.9 1 2
github.com/calypr/git-drs/cmd/copyrecords/main.go:354.3,354.9 1 0
github.com/calypr/git-drs/cmd/copyrecords/main.go:356.2,356.17 1 2
github.com/calypr/git-drs/cmd/copyrecords/main.go:359.70,360.33 1 5
github.com/calypr/git-drs/cmd/copyrecords/main.go:360.33,362.3 1 0
github.com/calypr/git-drs/cmd/copyrecords/main.go:363.2,363.50 1 5
github.com/calypr/git-drs/cmd/copyrecords/main.go:363.50,364.47 1 5
github.com/calypr/git-drs/cmd/copyrecords/main.go:364.47,366.4 1 3
github.com/calypr/git-drs/cmd/copyrecords/main.go:368.2,368.14 1 2
github.com/calypr/git-drs/cmd/copyrecords/main.go:371.140,373.22 2 4
github.com/calypr/git-drs/cmd/copyrecords/main.go:373.22,375.3 1 0
github.com/calypr/git-drs/cmd/copyrecords/main.go:377.2,380.29 4 4
github.com/calypr/git-drs/cmd/copyrecords/main.go:380.29,382.16 2 6
github.com/calypr/git-drs/cmd/copyrecords/main.go:382.16,383.12 1 0
github.com/calypr/git-drs/cmd/copyrecords/main.go:385.3,386.46 2 6
github.com/calypr/git-drs/cmd/copyrecords/main.go:386.46,388.44 2 3
github.com/calypr/git-drs/cmd/copyrecords/main.go:388.44,391.5 2 3
github.com/calypr/git-drs/cmd/copyrecords/main.go:395.2,396.16 2 4
github.com/calypr/git-drs/cmd/copyrecords/main.go:396.16,398.3 1 0
github.com/calypr/git-drs/cmd/copyrecords/main.go:399.2,400.31 2 4
github.com/calypr/git-drs/cmd/copyrecords/main.go:400.31,402.3 1 1
github.com/calypr/git-drs/cmd/copyrecords/main.go:404.2,405.26 2 4
github.com/calypr/git-drs/cmd/copyrecords/main.go:405.26,407.17 2 2
github.com/calypr/git-drs/cmd/copyrecords/main.go:407.17,409.4 1 0
github.com/calypr/git-drs/cmd/copyrecords/main.go:410.3,410.37 1 2
github.com/calypr/git-drs/cmd/copyrecords/main.go:410.37,412.17 2 3
github.com/calypr/git-drs/cmd/copyrecords/main.go:412.17,413.13 1 0
github.com/calypr/git-drs/cmd/copyrecords/main.go:415.4,415.77 1 3
github.com/calypr/git-drs/cmd/copyrecords/main.go:419.2,422.29 4 4
github.com/calypr/git-drs/cmd/copyrecords/main.go:422.29,424.17 2 6
github.com/calypr/git-drs/cmd/copyrecords/main.go:424.17,426.4 1 0
github.com/calypr/git-drs/cmd/copyrecords/main.go:427.3,427.13 1 6
github.com/calypr/git-drs/cmd/copyrecords/main.go:427.13,430.12 3 4
github.com/calypr/git-drs/cmd/copyrecords/main.go:433.3,435.51 3 2
github.com/calypr/git-drs/cmd/copyrecords/main.go:435.51,437.4 1 0
github.com/calypr/git-drs/cmd/copyrecords/main.go:438.3,439.14 2 2
github.com/calypr/git-drs/cmd/copyrecords/main.go:439.14,440.47 1 2
github.com/calypr/git-drs/cmd/copyrecords/main.go:440.47,442.5 1 2
github.com/calypr/git-drs/cmd/copyrecords/main.go:443.4,444.19 2 2
github.com/calypr/git-drs/cmd/copyrecords/main.go:445.9,447.4 1 0
github.com/calypr/git-drs/cmd/copyrecords/main.go:450.2,451.34 2 4
github.com/calypr/git-drs/cmd/copyrecords/main.go:451.34,453.3 1 2
github.com/calypr/git-drs/cmd/copyrecords/main.go:454.2,455.24 2 4
github.com/calypr/git-drs/cmd/copyrecords/main.go:458.151,460.15 2 6
github.com/calypr/git-drs/cmd/copyrecords/main.go:460.15,462.3 1 0
github.com/calypr/git-drs/cmd/copyrecords/main.go:463.2,463.42 1 6
github.com/calypr/git-drs/cmd/copyrecords/main.go:463.42,465.3 1 1
github.com/calypr/git-drs/cmd/copyrecords/main.go:467.2,468.15 2 5
github.com/calypr/git-drs/cmd/copyrecords/main.go:468.15,470.3 1 3
github.com/calypr/git-drs/cmd/copyrecords/main.go:471.2,472.22 2 2
github.com/calypr/git-drs/cmd/copyrecords/main.go:473.9,474.34 1 1
github.com/calypr/git-drs/cmd/copyrecords/main.go:475.9,476.31 1 1
github.com/calypr/git-drs/cmd/copyrecords/main.go:477.10,479.33 2 0
github.com/calypr/git-drs/cmd/copyrecords/main.go:479.33,480.54 1 0
github.com/calypr/git-drs/cmd/copyrecords/main.go:480.54,482.5 1 0
github.com/calypr/git-drs/cmd/copyrecords/main.go:484.3,484.150 1 0
github.com/calypr/git-drs/cmd/copyrecords/main.go:488.46,489.23 1 11
github.com/calypr/git-drs/cmd/copyrecords/main.go:489.23,491.3 1 6
github.com/calypr/git-drs/cmd/copyrecords/main.go:492.2,492.51 1 5
github.com/calypr/git-drs/cmd/copyrecords/main.go:495.64,496.23 1 3
github.com/calypr/git-drs/cmd/copyrecords/main.go:496.23,498.3 1 1
github.com/calypr/git-drs/cmd/copyrecords/main.go:499.2,501.30 3 2
github.com/calypr/git-drs/cmd/copyrecords/main.go:501.30,503.16 2 2
github.com/calypr/git-drs/cmd/copyrecords/main.go:503.16,504.12 1 0
github.com/calypr/git-drs/cmd/copyrecords/main.go:506.3,506.29 1 2
github.com/calypr/git-drs/cmd/copyrecords/main.go:506.29,507.12 1 0
github.com/calypr/git-drs/cmd/copyrecords/main.go:509.3,510.25 2 2
github.com/calypr/git-drs/cmd/copyrecords/main.go:512.2,512.12 1 2
github.com/calypr/git-drs/cmd/copyrecords/main.go:515.94,519.27 3 4
github.com/calypr/git-drs/cmd/copyrecords/main.go:519.27,520.55 1 1
github.com/calypr/git-drs/cmd/copyrecords/main.go:520.55,523.4 2 1
github.com/calypr/git-drs/cmd/copyrecords/main.go:524.3,524.63 1 1
github.com/calypr/git-drs/cmd/copyrecords/main.go:524.63,527.4 2 1
github.com/calypr/git-drs/cmd/copyrecords/main.go:530.2,531.69 2 4
github.com/calypr/git-drs/cmd/copyrecords/main.go:531.69,534.3 2 3
github.com/calypr/git-drs/cmd/copyrecords/main.go:536.2,537.69 2 4
github.com/calypr/git-drs/cmd/copyrecords/main.go:537.69,540.3 2 3
github.com/calypr/git-drs/cmd/copyrecords/main.go:542.2,542.24 1 4
github.com/calypr/git-drs/cmd/copyrecords/main.go:545.56,548.48 3 4
github.com/calypr/git-drs/cmd/copyrecords/main.go:548.48,549.18 1 8
github.com/calypr/git-drs/cmd/copyrecords/main.go:549.18,550.12 1 2
github.com/calypr/git-drs/cmd/copyrecords/main.go:552.3,552.29 1 6
github.com/calypr/git-drs/cmd/copyrecords/main.go:552.29,554.17 2 7
github.com/calypr/git-drs/cmd/copyrecords/main.go:554.17,555.13 1 0
github.com/calypr/git-drs/cmd/copyrecords/main.go:557.4,557.30 1 7
github.com/calypr/git-drs/cmd/copyrecords/main.go:557.30,558.13 1 1
github.com/calypr/git-drs/cmd/copyrecords/main.go:560.4,561.26 2 6
github.com/calypr/git-drs/cmd/copyrecords/main.go:564.2,564.19 1 4
github.com/calypr/git-drs/cmd/copyrecords/main.go:564.19,566.3 1 1
github.com/calypr/git-drs/cmd/copyrecords/main.go:567.2,567.13 1 3
github.com/calypr/git-drs/cmd/copyrecords/main.go:570.84,573.61 3 4
github.com/calypr/git-drs/cmd/copyrecords/main.go:573.61,574.18 1 8
github.com/calypr/git-drs/cmd/copyrecords/main.go:574.18,575.12 1 2
github.com/calypr/git-drs/cmd/copyrecords/main.go:577.3,577.32 1 6
github.com/calypr/git-drs/cmd/copyrecords/main.go:577.32,579.30 2 7
github.com/calypr/git-drs/cmd/copyrecords/main.go:579.30,580.13 1 1
github.com/calypr/git-drs/cmd/copyrecords/main.go:582.4,583.29 2 6
github.com/calypr/git-drs/cmd/copyrecords/main.go:586.2,586.19 1 4
github.com/calypr/git-drs/cmd/copyrecords/main.go:586.19,588.3 1 1
github.com/calypr/git-drs/cmd/copyrecords/main.go:589.2,589.13 1 3
github.com/calypr/git-drs/cmd/copyrecords/main.go:592.63,594.16 2 7
github.com/calypr/git-drs/cmd/copyrecords/main.go:594.16,596.3 1 0
github.com/calypr/git-drs/cmd/copyrecords/main.go:597.2,597.18 1 7
github.com/calypr/git-drs/cmd/copyrecords/main.go:600.47,602.2 1 4
github.com/calypr/git-drs/cmd/copyrecords/main.go:604.50,606.2 1 2
github.com/calypr/git-drs/cmd/copyrecords/main.go:608.66,610.2 1 4
github.com/calypr/git-drs/cmd/copyrecords/main.go:612.31,616.2 3 10
github.com/calypr/git-drs/cmd/credentialhelper/main.go:24.54,25.21 1 0
github.com/calypr/git-drs/cmd/credentialhelper/main.go:25.21,27.4 1 0
github.com/calypr/git-drs/cmd/credentialhelper/main.go:28.3,28.18 1 0
github.com/calypr/git-drs/cmd/credentialhelper/main.go:29.32,30.14 1 0
github.com/calypr/git-drs/cmd/credentialhelper/main.go:31.11,32.56 1 0
github.com/calypr/git-drs/cmd/credentialhelper/main.go:35.54,37.22 2 0
github.com/calypr/git-drs/cmd/credentialhelper/main.go:37.22,40.4 1 0
github.com/calypr/git-drs/cmd/credentialhelper/main.go:42.3,43.17 2 0
github.com/calypr/git-drs/cmd/credentialhelper/main.go:43.17,45.4 1 0
github.com/calypr/git-drs/cmd/credentialhelper/main.go:47.3,49.17 3 0
github.com/calypr/git-drs/cmd/credentialhelper/main.go:49.17,51.4 1 0
github.com/calypr/git-drs/cmd/credentialhelper/main.go:52.3,52.49 1 0
github.com/calypr/git-drs/cmd/credentialhelper/main.go:52.49,54.4 1 0
github.com/calypr/git-drs/cmd/credentialhelper/main.go:57.3,57.120 1 0
github.com/calypr/git-drs/cmd/credentialhelper/main.go:57.120,61.4 3 0
github.com/calypr/git-drs/cmd/credentialhelper/main.go:63.3,65.109 2 0
github.com/calypr/git-drs/cmd/credentialhelper/main.go:65.109,67.4 1 0
github.com/calypr/git-drs/cmd/credentialhelper/main.go:70.3,72.17 3 0
github.com/calypr/git-drs/cmd/credentialhelper/main.go:72.17,73.19 1 0
github.com/calypr/git-drs/cmd/credentialhelper/main.go:73.19,75.5 1 0
github.com/calypr/git-drs/cmd/credentialhelper/main.go:76.4,79.24 4 0
github.com/calypr/git-drs/cmd/credentialhelper/main.go:79.24,82.5 2 0
github.com/calypr/git-drs/cmd/credentialhelper/main.go:85.3,85.18 1 0
github.com/calypr/git-drs/cmd/credentialhelper/main.go:85.18,87.4 1 0
github.com/calypr/git-drs/cmd/credentialhelper/main.go:90.3,94.13 3 0
github.com/calypr/git-drs/cmd/credentialhelper/main.go:104.69,107.15 3 1
github.com/calypr/git-drs/cmd/credentialhelper/main.go:107.15,109.17 2 4
github.com/calypr/git-drs/cmd/credentialhelper/main.go:109.17,110.9 1 1
github.com/calypr/git-drs/cmd/credentialhelper/main.go:112.3,113.22 2 3
github.com/calypr/git-drs/cmd/credentialhelper/main.go:113.22,114.12 1 0
github.com/calypr/git-drs/cmd/credentialhelper/main.go:116.3,118.14 3 3
github.com/calypr/git-drs/cmd/credentialhelper/main.go:119.19,120.22 1 1
github.com/calypr/git-drs/cmd/credentialhelper/main.go:121.15,122.18 1 1
github.com/calypr/git-drs/cmd/credentialhelper/main.go:123.15,124.18 1 1
github.com/calypr/git-drs/cmd/credentialhelper/main.go:127.2,127.21 1 1
github.com/calypr/git-drs/cmd/credentialhelper/main.go:130.46,132.16 2 0
github.com/calypr/git-drs/cmd/credentialhelper/main.go:132.16,134.3 1 0
github.com/calypr/git-drs/cmd/credentialhelper/main.go:135.2,136.22 2 0
github.com/calypr/git-drs/cmd/credentialhelper/main.go:136.22,138.3 1 0
github.com/calypr/git-drs/cmd/credentialhelper/main.go:139.2,140.16 2 0
github.com/calypr/git-drs/cmd/credentialhelper/main.go:140.16,142.3 1 0
github.com/calypr/git-drs/cmd/credentialhelper/main.go:143.2,144.20 2 0
github.com/calypr/git-drs/cmd/credentialhelper/main.go:144.20,146.3 1 0
github.com/calypr/git-drs/cmd/credentialhelper/main.go:147.2,147.34 1 0
github.com/calypr/git-drs/cmd/credentialhelper/main.go:150.78,151.39 1 4
github.com/calypr/git-drs/cmd/credentialhelper/main.go:151.39,153.3 1 1
github.com/calypr/git-drs/cmd/credentialhelper/main.go:155.2,156.16 2 3
github.com/calypr/git-drs/cmd/credentialhelper/main.go:156.16,158.3 1 0
github.com/calypr/git-drs/cmd/credentialhelper/main.go:159.2,159.42 1 3
github.com/calypr/git-drs/cmd/credentialhelper/main.go:159.42,161.3 1 0
github.com/calypr/git-drs/cmd/credentialhelper/main.go:163.2,163.49 1 3
github.com/calypr/git-drs/cmd/bucket/main.go:53.69,55.15 2 7
github.com/calypr/git-drs/cmd/bucket/main.go:55.15,57.3 1 0
github.com/calypr/git-drs/cmd/bucket/main.go:58.2,59.16 2 7
github.com/calypr/git-drs/cmd/bucket/main.go:59.16,61.3 1 0
github.com/calypr/git-drs/cmd/bucket/main.go:62.2,62.54 1 7
github.com/calypr/git-drs/cmd/bucket/main.go:63.41,63.41 0 6
github.com/calypr/git-drs/cmd/bucket/main.go:64.10,65.87 1 1
github.com/calypr/git-drs/cmd/bucket/main.go:67.2,68.16 2 6
github.com/calypr/git-drs/cmd/bucket/main.go:68.16,70.3 1 0
github.com/calypr/git-drs/cmd/bucket/main.go:71.2,71.92 1 6
github.com/calypr/git-drs/cmd/bucket/main.go:71.92,73.3 1 1
github.com/calypr/git-drs/cmd/bucket/main.go:74.2,74.58 1 5
github.com/calypr/git-drs/cmd/bucket/main.go:77.56,79.15 2 5
github.com/calypr/git-drs/cmd/bucket/main.go:79.15,81.3 1 0
github.com/calypr/git-drs/cmd/bucket/main.go:82.2,83.16 2 5
github.com/calypr/git-drs/cmd/bucket/main.go:83.16,85.3 1 0
github.com/calypr/git-drs/cmd/bucket/main.go:86.2,86.74 1 5
github.com/calypr/git-drs/cmd/bucket/main.go:86.74,88.3 1 2
github.com/calypr/git-drs/cmd/bucket/main.go:89.2,89.39 1 3
github.com/calypr/git-drs/cmd/bucket/main.go:100.54,101.20 1 0
github.com/calypr/git-drs/cmd/bucket/main.go:101.20,103.4 1 0
github.com/calypr/git-drs/cmd/bucket/main.go:104.3,104.13 1 0
github.com/calypr/git-drs/cmd/bucket/main.go:106.54,110.19 3 0
github.com/calypr/git-drs/cmd/bucket/main.go:110.19,112.4 1 0
github.com/calypr/git-drs/cmd/bucket/main.go:113.3,113.42 1 0
github.com/calypr/git-drs/cmd/bucket/main.go:113.42,115.4 1 0
github.com/calypr/git-drs/cmd/bucket/main.go:116.3,116.45 1 0
github.com/calypr/git-drs/cmd/bucket/main.go:116.45,118.4 1 0
github.com/calypr/git-drs/cmd/bucket/main.go:119.3,119.45 1 0
github.com/calypr/git-drs/cmd/bucket/main.go:119.45,121.4 1 0
github.com/calypr/git-drs/cmd/bucket/main.go:122.3,122.46 1 0
github.com/calypr/git-drs/cmd/bucket/main.go:122.46,124.4 1 0
github.com/calypr/git-drs/cmd/bucket/main.go:126.3,127.21 2 0
github.com/calypr/git-drs/cmd/bucket/main.go:127.21,129.4 1 0
github.com/calypr/git-drs/cmd/bucket/main.go:130.3,131.17 2 0
github.com/calypr/git-drs/cmd/bucket/main.go:131.17,133.4 1 0
github.com/calypr/git-drs/cmd/bucket/main.go:134.3,141.92 2 0
github.com/calypr/git-drs/cmd/bucket/main.go:141.92,143.4 1 0
github.com/calypr/git-drs/cmd/bucket/main.go:145.3,146.13 2 0
github.com/calypr/git-drs/cmd/bucket/main.go:153.54,154.20 1 0
github.com/calypr/git-drs/cmd/bucket/main.go:154.20,156.4 1 0
github.com/calypr/git-drs/cmd/bucket/main.go:157.3,157.13 1 0
github.com/calypr/git-drs/cmd/bucket/main.go:159.54,161.3 1 0
github.com/calypr/git-drs/cmd/bucket/main.go:167.54,168.20 1 0
github.com/calypr/git-drs/cmd/bucket/main.go:168.20,170.4 1 0
github.com/calypr/git-drs/cmd/bucket/main.go:171.3,171.13 1 0
github.com/calypr/git-drs/cmd/bucket/main.go:173.54,175.3 1 0
github.com/calypr/git-drs/cmd/bucket/main.go:178.57,184.16 6 0
github.com/calypr/git-drs/cmd/bucket/main.go:184.16,186.3 1 0
github.com/calypr/git-drs/cmd/bucket/main.go:187.2,188.16 2 0
github.com/calypr/git-drs/cmd/bucket/main.go:188.16,190.3 1 0
github.com/calypr/git-drs/cmd/bucket/main.go:191.2,191.15 1 0
github.com/calypr/git-drs/cmd/bucket/main.go:191.15,193.3 1 0
github.com/calypr/git-drs/cmd/bucket/main.go:194.2,194.37 1 0
github.com/calypr/git-drs/cmd/bucket/main.go:194.37,196.3 1 0
github.com/calypr/git-drs/cmd/bucket/main.go:197.2,197.38 1 0
github.com/calypr/git-drs/cmd/bucket/main.go:197.38,199.3 1 0
github.com/calypr/git-drs/cmd/bucket/main.go:200.2,200.77 1 0
github.com/calypr/git-drs/cmd/bucket/main.go:200.77,202.3 1 0
github.com/calypr/git-drs/cmd/bucket/main.go:202.8,202.29 1 0
github.com/calypr/git-drs/cmd/bucket/main.go:202.29,204.3 1 0
github.com/calypr/git-drs/cmd/bucket/main.go:206.2,207.20 2 0
github.com/calypr/git-drs/cmd/bucket/main.go:207.20,209.3 1 0
github.com/calypr/git-drs/cmd/bucket/main.go:210.2,211.16 2 0
github.com/calypr/git-drs/cmd/bucket/main.go:211.16,213.3 1 0
github.com/calypr/git-drs/cmd/bucket/main.go:214.2,218.17 1 0
github.com/calypr/git-drs/cmd/bucket/main.go:218.17,220.3 1 0
github.com/calypr/git-drs/cmd/bucket/main.go:221.2,221.79 1 0
github.com/calypr/git-drs/cmd/bucket/main.go:221.79,223.3 1 0
github.com/calypr/git-drs/cmd/bucket/main.go:224.2,225.12 2 0
github.com/calypr/git-drs/cmd/bucket/main.go:228.73,233.54 3 0
github.com/calypr/git-drs/cmd/bucket/main.go:233.54,235.17 2 0
github.com/calypr/git-drs/cmd/bucket/main.go:235.17,237.4 1 0
github.com/calypr/git-drs/cmd/bucket/main.go:238.3,239.18 2 0
github.com/calypr/git-drs/cmd/bucket/main.go:239.18,241.4 1 0
github.com/calypr/git-drs/cmd/bucket/main.go:243.2,243.17 1 0
github.com/calypr/git-drs/cmd/bucket/main.go:243.17,244.71 1 0
github.com/calypr/git-drs/cmd/bucket/main.go:244.71,246.4 1 0
github.com/calypr/git-drs/cmd/bucket/main.go:248.2,248.17 1 0
github.com/calypr/git-drs/cmd/bucket/main.go:248.17,249.58 1 0
github.com/calypr/git-drs/cmd/bucket/main.go:249.58,251.19 2 0
github.com/calypr/git-drs/cmd/bucket/main.go:251.19,255.25 4 0
github.com/calypr/git-drs/cmd/bucket/main.go:255.25,258.6 2 0
github.com/calypr/git-drs/cmd/bucket/main.go:262.2,262.17 1 0
github.com/calypr/git-drs/cmd/bucket/main.go:262.17,264.3 1 0
github.com/calypr/git-drs/cmd/bucket/main.go:266.2,267.20 2 0
github.com/calypr/git-drs/cmd/bucket/main.go:267.20,270.17 3 0
github.com/calypr/git-drs/cmd/bucket/main.go:270.17,272.4 1 0
github.com/calypr/git-drs/cmd/bucket/main.go:273.3,273.41 1 0
github.com/calypr/git-drs/cmd/bucket/main.go:275.2,275.20 1 0
github.com/calypr/git-drs/cmd/bucket/main.go:275.20,277.17 2 0
github.com/calypr/git-drs/cmd/bucket/main.go:277.17,279.4 1 0
github.com/calypr/git-drs/cmd/bucket/main.go:280.3,280.39 1 0
github.com/calypr/git-drs/cmd/bucket/main.go:282.2,282.20 1 0
github.com/calypr/git-drs/cmd/bucket/main.go:282.20,284.3 1 0
github.com/calypr/git-drs/cmd/bucket/main.go:285.2,285.53 1 0
github.com/calypr/git-drs/cmd/bucket/main.go:288.102,289.52 1 0
github.com/calypr/git-drs/cmd/bucket/main.go:289.52,293.3 3 0
github.com/calypr/git-drs/cmd/bucket/main.go:295.2,296.16 2 0
github.com/calypr/git-drs/cmd/bucket/main.go:296.16,298.3 1 0
github.com/calypr/git-drs/cmd/bucket/main.go:299.2,300.16 2 0
github.com/calypr/git-drs/cmd/bucket/main.go:300.16,302.3 1 0
github.com/calypr/git-drs/cmd/bucket/main.go:303.2,309.16 6 0
github.com/calypr/git-drs/cmd/bucket/main.go:309.16,311.3 1 0
github.com/calypr/git-drs/cmd/bucket/main.go:312.2,314.79 2 0
github.com/calypr/git-drs/cmd/bucket/main.go:314.79,316.60 2 0
github.com/calypr/git-drs/cmd/bucket/main.go:316.60,318.4 1 0
github.com/calypr/git-drs/cmd/bucket/main.go:319.3,319.87 1 0
github.com/calypr/git-drs/cmd/bucket/main.go:321.2,321.12 1 0
github.com/calypr/git-drs/cmd/bucket/main.go:324.117,325.52 1 0
github.com/calypr/git-drs/cmd/bucket/main.go:325.52,329.3 3 0
github.com/calypr/git-drs/cmd/bucket/main.go:331.2,332.16 2 0
github.com/calypr/git-drs/cmd/bucket/main.go:332.16,334.3 1 0
github.com/calypr/git-drs/cmd/bucket/main.go:335.2,336.16 2 0
github.com/calypr/git-drs/cmd/bucket/main.go:336.16,338.3 1 0
github.com/calypr/git-drs/cmd/bucket/main.go:339.2,345.16 6 0
github.com/calypr/git-drs/cmd/bucket/main.go:345.16,347.3 1 0
github.com/calypr/git-drs/cmd/bucket/main.go:348.2,350.79 2 0
github.com/calypr/git-drs/cmd/bucket/main.go:350.79,352.60 2 0
github.com/calypr/git-drs/cmd/bucket/main.go:352.60,354.4 1 0
github.com/calypr/git-drs/cmd/bucket/main.go:355.3,355.75 1 0
github.com/calypr/git-drs/cmd/bucket/main.go:357.2,357.12 1 0
github.com/calypr/git-drs/cmd/bucket/main.go:360.13,370.79 9 1
github.com/calypr/git-drs/cmd/bucket/main.go:370.79,378.3 7 2
github.com/calypr/git-drs/cmd/bucket/main.go:380.2,382.31 3 1
github.com/calypr/git-drs/cmd/install/main.go:17.34,23.55 1 2
github.com/calypr/git-drs/cmd/install/main.go:23.55,24.22 1 1
github.com/calypr/git-drs/cmd/install/main.go:24.22,27.5 2 1
github.com/calypr/git-drs/cmd/install/main.go:28.4,28.14 1 0
github.com/calypr/git-drs/cmd/install/main.go:30.55,32.4 1 0
github.com/calypr/git-drs/cmd/install/main.go:36.62,47.35 2 2
github.com/calypr/git-drs/cmd/install/main.go:47.35,48.82 1 5
github.com/calypr/git-drs/cmd/install/main.go:48.82,50.4 1 1
github.com/calypr/git-drs/cmd/install/main.go:53.2,53.12 1 1
github.com/calypr/git-drs/cmd/install/main.go:56.51,59.16 3 0
github.com/calypr/git-drs/cmd/install/main.go:59.16,61.20 2 0
github.com/calypr/git-drs/cmd/install/main.go:61.20,63.4 1 0
github.com/calypr/git-drs/cmd/install/main.go:64.3,64.84 1 0
github.com/calypr/git-drs/cmd/install/main.go:66.2,66.12 1 0
github.com/calypr/git-drs/cmd/lsfiles/main.go:31.81,31.120 1 0
github.com/calypr/git-drs/cmd/lsfiles/main.go:32.116,34.3 1 0
github.com/calypr/git-drs/cmd/lsfiles/main.go:35.143,36.25 1 0
github.com/calypr/git-drs/cmd/lsfiles/main.go:36.25,38.4 1 0
github.com/calypr/git-drs/cmd/lsfiles/main.go:39.3,39.50 1 0
github.com/calypr/git-drs/cmd/lsfiles/main.go:58.68,59.44 1 0
github.com/calypr/git-drs/cmd/lsfiles/main.go:59.44,61.3 1 0
github.com/calypr/git-drs/cmd/lsfiles/main.go:63.2,65.16 3 0
github.com/calypr/git-drs/cmd/lsfiles/main.go:65.16,67.3 1 0
github.com/calypr/git-drs/cmd/lsfiles/main.go:69.2,71.29 3 0
github.com/calypr/git-drs/cmd/lsfiles/main.go:71.29,73.51 2 0
github.com/calypr/git-drs/cmd/lsfiles/main.go:73.51,74.12 1 0
github.com/calypr/git-drs/cmd/lsfiles/main.go:76.3,76.27 1 0
github.com/calypr/git-drs/cmd/lsfiles/main.go:78.2,79.18 2 0
github.com/calypr/git-drs/cmd/lsfiles/main.go:82.48,85.16 3 0
github.com/calypr/git-drs/cmd/lsfiles/main.go:85.16,87.3 1 0
github.com/calypr/git-drs/cmd/lsfiles/main.go:89.2,91.29 3 0
github.com/calypr/git-drs/cmd/lsfiles/main.go:91.29,93.17 2 0
github.com/calypr/git-drs/cmd/lsfiles/main.go:93.17,94.12 1 0
github.com/calypr/git-drs/cmd/lsfiles/main.go:96.3,96.34 1 0
github.com/calypr/git-drs/cmd/lsfiles/main.go:98.2,99.21 2 0
github.com/calypr/git-drs/cmd/lsfiles/main.go:102.43,104.30 2 0
github.com/calypr/git-drs/cmd/lsfiles/main.go:104.30,105.60 1 0
github.com/calypr/git-drs/cmd/lsfiles/main.go:105.60,107.4 1 0
github.com/calypr/git-drs/cmd/lsfiles/main.go:110.2,111.37 2 0
github.com/calypr/git-drs/cmd/lsfiles/main.go:111.37,113.3 1 0
github.com/calypr/git-drs/cmd/lsfiles/main.go:114.2,114.33 1 0
github.com/calypr/git-drs/cmd/lsfiles/main.go:114.33,115.30 1 0
github.com/calypr/git-drs/cmd/lsfiles/main.go:115.30,117.4 1 0
github.com/calypr/git-drs/cmd/lsfiles/main.go:119.2,119.23 1 0
github.com/calypr/git-drs/cmd/lsfiles/main.go:119.23,121.3 1 0
github.com/calypr/git-drs/cmd/lsfiles/main.go:122.2,122.11 1 0
github.com/calypr/git-drs/cmd/lsfiles/main.go:125.130,129.16 3 5
github.com/calypr/git-drs/cmd/lsfiles/main.go:129.16,131.17 2 2
github.com/calypr/git-drs/cmd/lsfiles/main.go:131.17,133.4 1 0
github.com/calypr/git-drs/cmd/lsfiles/main.go:135.3,136.17 2 2
github.com/calypr/git-drs/cmd/lsfiles/main.go:136.17,139.4 2 0
github.com/calypr/git-drs/cmd/lsfiles/main.go:141.3,142.17 2 2
github.com/calypr/git-drs/cmd/lsfiles/main.go:142.17,144.4 1 0
github.com/calypr/git-drs/cmd/lsfiles/main.go:147.2,151.44 2 5
github.com/calypr/git-drs/cmd/lsfiles/main.go:151.44,153.17 2 3
github.com/calypr/git-drs/cmd/lsfiles/main.go:153.17,155.4 1 0
github.com/calypr/git-drs/cmd/lsfiles/main.go:158.2,159.16 2 5
github.com/calypr/git-drs/cmd/lsfiles/main.go:159.16,161.3 1 0
github.com/calypr/git-drs/cmd/lsfiles/main.go:162.2,162.66 1 5
github.com/calypr/git-drs/cmd/lsfiles/main.go:162.66,164.27 2 1
github.com/calypr/git-drs/cmd/lsfiles/main.go:164.27,166.18 2 1
github.com/calypr/git-drs/cmd/lsfiles/main.go:166.18,168.5 1 0
github.com/calypr/git-drs/cmd/lsfiles/main.go:169.4,169.21 1 1
github.com/calypr/git-drs/cmd/lsfiles/main.go:169.21,171.19 2 1
github.com/calypr/git-drs/cmd/lsfiles/main.go:171.19,173.6 1 0
github.com/calypr/git-drs/cmd/lsfiles/main.go:178.2,179.29 2 5
github.com/calypr/git-drs/cmd/lsfiles/main.go:179.29,181.3 1 9
github.com/calypr/git-drs/cmd/lsfiles/main.go:182.2,187.16 5 5
github.com/calypr/git-drs/cmd/lsfiles/main.go:187.16,190.29 3 2
github.com/calypr/git-drs/cmd/lsfiles/main.go:190.29,191.44 1 5
github.com/calypr/git-drs/cmd/lsfiles/main.go:191.44,192.13 1 1
github.com/calypr/git-drs/cmd/lsfiles/main.go:194.4,195.17 2 4
github.com/calypr/git-drs/cmd/lsfiles/main.go:195.17,196.13 1 0
github.com/calypr/git-drs/cmd/lsfiles/main.go:198.4,198.42 1 4
github.com/calypr/git-drs/cmd/lsfiles/main.go:198.42,199.13 1 0
github.com/calypr/git-drs/cmd/lsfiles/main.go:201.4,202.28 2 4
github.com/calypr/git-drs/cmd/lsfiles/main.go:204.3,204.83 1 2
github.com/calypr/git-drs/cmd/lsfiles/main.go:206.2,206.28 1 5
github.com/calypr/git-drs/cmd/lsfiles/main.go:206.28,207.43 1 9
github.com/calypr/git-drs/cmd/lsfiles/main.go:207.43,208.12 1 1
github.com/calypr/git-drs/cmd/lsfiles/main.go:210.3,218.20 4 8
github.com/calypr/git-drs/cmd/lsfiles/main.go:218.20,220.4 1 1
github.com/calypr/git-drs/cmd/lsfiles/main.go:222.3,222.17 1 8
github.com/calypr/git-drs/cmd/lsfiles/main.go:222.17,223.11 1 4
github.com/calypr/git-drs/cmd/lsfiles/main.go:224.29,225.38 1 2
github.com/calypr/git-drs/cmd/lsfiles/main.go:226.12,228.26 2 2
github.com/calypr/git-drs/cmd/lsfiles/main.go:228.26,230.11 2 1
github.com/calypr/git-drs/cmd/lsfiles/main.go:232.5,234.33 3 1
github.com/calypr/git-drs/cmd/lsfiles/main.go:234.33,236.6 1 1
github.com/calypr/git-drs/cmd/lsfiles/main.go:237.5,237.47 1 1
github.com/calypr/git-drs/cmd/lsfiles/main.go:241.3,241.27 1 8
github.com/calypr/git-drs/cmd/lsfiles/main.go:244.2,244.18 1 5
github.com/calypr/git-drs/cmd/lsfiles/main.go:247.58,248.16 1 2
github.com/calypr/git-drs/cmd/lsfiles/main.go:248.16,252.3 3 0
github.com/calypr/git-drs/cmd/lsfiles/main.go:253.2,253.27 1 2
github.com/calypr/git-drs/cmd/lsfiles/main.go:253.27,254.10 1 4
github.com/calypr/git-drs/cmd/lsfiles/main.go:255.17,256.71 1 0
github.com/calypr/git-drs/cmd/lsfiles/main.go:256.71,258.5 1 0
github.com/calypr/git-drs/cmd/lsfiles/main.go:259.18,261.16 2 2
github.com/calypr/git-drs/cmd/lsfiles/main.go:261.16,263.5 1 2
github.com/calypr/git-drs/cmd/lsfiles/main.go:264.4,265.20 2 2
github.com/calypr/git-drs/cmd/lsfiles/main.go:265.20,267.5 1 1
github.com/calypr/git-drs/cmd/lsfiles/main.go:268.4,268.113 1 2
github.com/calypr/git-drs/cmd/lsfiles/main.go:268.113,270.5 1 0
github.com/calypr/git-drs/cmd/lsfiles/main.go:271.11,273.16 2 2
github.com/calypr/git-drs/cmd/lsfiles/main.go:273.16,275.5 1 0
github.com/calypr/git-drs/cmd/lsfiles/main.go:276.4,276.101 1 2
github.com/calypr/git-drs/cmd/lsfiles/main.go:276.101,278.5 1 0
github.com/calypr/git-drs/cmd/lsfiles/main.go:281.2,281.12 1 2
github.com/calypr/git-drs/cmd/lsfiles/main.go:284.34,285.20 1 8
github.com/calypr/git-drs/cmd/lsfiles/main.go:285.20,287.3 1 0
github.com/calypr/git-drs/cmd/lsfiles/main.go:288.2,288.17 1 8
github.com/calypr/git-drs/cmd/lsfiles/main.go:291.36,293.16 2 8
github.com/calypr/git-drs/cmd/lsfiles/main.go:293.16,295.3 1 6
github.com/calypr/git-drs/cmd/lsfiles/main.go:296.2,297.12 2 2
github.com/calypr/git-drs/cmd/lsfiles/main.go:300.34,301.28 1 2
github.com/calypr/git-drs/cmd/lsfiles/main.go:301.28,303.3 1 1
github.com/calypr/git-drs/cmd/lsfiles/main.go:304.2,304.26 1 1
github.com/calypr/git-drs/cmd/lsfiles/main.go:304.26,306.3 1 1
github.com/calypr/git-drs/cmd/lsfiles/main.go:307.2,307.12 1 0
github.com/calypr/git-drs/cmd/lsfiles/main.go:315.54,316.47 1 0
github.com/calypr/git-drs/cmd/lsfiles/main.go:316.47,318.4 1 0
github.com/calypr/git-drs/cmd/lsfiles/main.go:319.3,322.17 4 0
github.com/calypr/git-drs/cmd/lsfiles/main.go:322.17,324.4 1 0
github.com/calypr/git-drs/cmd/lsfiles/main.go:325.3,325.30 1 0
github.com/calypr/git-drs/cmd/lsfiles/main.go:329.13,337.2 7 1
github.com/calypr/git-drs/cmd/query/main.go:21.111,23.50 2 0
github.com/calypr/git-drs/cmd/query/main.go:23.50,25.3 1 0
github.com/calypr/git-drs/cmd/query/main.go:26.2,26.59 1 0
github.com/calypr/git-drs/cmd/query/main.go:29.47,30.37 1 5
github.com/calypr/git-drs/cmd/query/main.go:31.10,32.15 1 1
github.com/calypr/git-drs/cmd/query/main.go:33.10,34.16 1 1
github.com/calypr/git-drs/cmd/query/main.go:35.10,36.18 1 1
github.com/calypr/git-drs/cmd/query/main.go:37.11,38.18 1 1
github.com/calypr/git-drs/cmd/query/main.go:39.10,40.49 1 1
github.com/calypr/git-drs/cmd/query/main.go:49.54,50.21 1 0
github.com/calypr/git-drs/cmd/query/main.go:50.21,53.4 2 0
github.com/calypr/git-drs/cmd/query/main.go:54.3,54.13 1 0
github.com/calypr/git-drs/cmd/query/main.go:56.54,60.17 3 0
github.com/calypr/git-drs/cmd/query/main.go:60.17,62.4 1 0
github.com/calypr/git-drs/cmd/query/main.go:64.3,65.17 2 0
github.com/calypr/git-drs/cmd/query/main.go:65.17,68.4 2 0
github.com/calypr/git-drs/cmd/query/main.go:70.3,71.17 2 0
github.com/calypr/git-drs/cmd/query/main.go:71.17,73.4 1 0
github.com/calypr/git-drs/cmd/query/main.go:75.3,75.15 1 0
github.com/calypr/git-drs/cmd/query/main.go:75.15,77.18 2 0
github.com/calypr/git-drs/cmd/query/main.go:77.18,79.5 1 0
github.com/calypr/git-drs/cmd/query/main.go:80.4,80.32 1 0
github.com/calypr/git-drs/cmd/query/main.go:80.32,81.65 1 0
github.com/calypr/git-drs/cmd/query/main.go:81.65,83.6 1 0
github.com/calypr/git-drs/cmd/query/main.go:85.4,85.14 1 0
github.com/calypr/git-drs/cmd/query/main.go:88.3,89.17 2 0
github.com/calypr/git-drs/cmd/query/main.go:89.17,91.4 1 0
github.com/calypr/git-drs/cmd/query/main.go:92.3,92.44 1 0
github.com/calypr/git-drs/cmd/query/main.go:96.13,100.2 3 1
github.com/calypr/git-drs/cmd/pull/main.go:30.81,30.120 1 0
github.com/calypr/git-drs/cmd/pull/main.go:31.116,33.3 1 0
github.com/calypr/git-drs/cmd/pull/main.go:41.54,42.20 1 0
github.com/calypr/git-drs/cmd/pull/main.go:42.20,45.4 2 0
github.com/calypr/git-drs/cmd/pull/main.go:46.3,46.13 1 0
github.com/calypr/git-drs/cmd/pull/main.go:48.54,52.17 3 1
github.com/calypr/git-drs/cmd/pull/main.go:52.17,54.4 1 0
github.com/calypr/git-drs/cmd/pull/main.go:56.3,57.20 2 1
github.com/calypr/git-drs/cmd/pull/main.go:57.20,59.4 1 0
github.com/calypr/git-drs/cmd/pull/main.go:59.9,61.18 2 1
github.com/calypr/git-drs/cmd/pull/main.go:61.18,64.5 2 0
github.com/calypr/git-drs/cmd/pull/main.go:67.3,68.17 2 1
github.com/calypr/git-drs/cmd/pull/main.go:68.17,71.4 2 0
github.com/calypr/git-drs/cmd/pull/main.go:73.3,74.17 2 1
github.com/calypr/git-drs/cmd/pull/main.go:74.17,76.4 1 0
github.com/calypr/git-drs/cmd/pull/main.go:77.3,78.25 2 1
github.com/calypr/git-drs/cmd/pull/main.go:78.25,81.4 2 0
github.com/calypr/git-drs/cmd/pull/main.go:83.3,87.13 4 1
github.com/calypr/git-drs/cmd/pull/main.go:87.13,88.31 1 1
github.com/calypr/git-drs/cmd/pull/main.go:88.31,89.70 1 1
github.com/calypr/git-drs/cmd/pull/main.go:89.70,91.6 1 0
github.com/calypr/git-drs/cmd/pull/main.go:93.4,93.14 1 1
github.com/calypr/git-drs/cmd/pull/main.go:96.3,99.30 4 0
github.com/calypr/git-drs/cmd/pull/main.go:99.30,101.18 2 0
github.com/calypr/git-drs/cmd/pull/main.go:101.18,103.5 1 0
github.com/calypr/git-drs/cmd/pull/main.go:104.4,104.48 1 0
github.com/calypr/git-drs/cmd/pull/main.go:104.48,105.13 1 0
github.com/calypr/git-drs/cmd/pull/main.go:106.10,106.34 1 0
github.com/calypr/git-drs/cmd/pull/main.go:106.34,108.5 1 0
github.com/calypr/git-drs/cmd/pull/main.go:109.4,109.43 1 0
github.com/calypr/git-drs/cmd/pull/main.go:109.43,110.13 1 0
github.com/calypr/git-drs/cmd/pull/main.go:112.4,113.44 2 0
github.com/calypr/git-drs/cmd/pull/main.go:116.3,116.27 1 0
github.com/calypr/git-drs/cmd/pull/main.go:116.27,118.36 2 0
github.com/calypr/git-drs/cmd/pull/main.go:118.36,120.37 2 0
github.com/calypr/git-drs/cmd/pull/main.go:120.37,121.14 1 0
github.com/calypr/git-drs/cmd/pull/main.go:123.5,123.30 1 0
github.com/calypr/git-drs/cmd/pull/main.go:125.4,125.27 1 0
github.com/calypr/git-drs/cmd/pull/main.go:125.27,127.5 1 0
github.com/calypr/git-drs/cmd/pull/main.go:127.10,129.5 1 0
github.com/calypr/git-drs/cmd/pull/main.go:131.4,132.27 2 0
github.com/calypr/git-drs/cmd/pull/main.go:132.27,134.36 2 0
github.com/calypr/git-drs/cmd/pull/main.go:134.36,136.6 1 0
github.com/calypr/git-drs/cmd/pull/main.go:137.5,137.94 1 0
github.com/calypr/git-drs/cmd/pull/main.go:137.94,140.6 2 0
github.com/calypr/git-drs/cmd/pull/main.go:140.11,142.6 1 0
github.com/calypr/git-drs/cmd/pull/main.go:144.4,144.31 1 0
github.com/calypr/git-drs/cmd/pull/main.go:144.31,146.19 2 0
github.com/calypr/git-drs/cmd/pull/main.go:146.19,148.6 1 0
github.com/calypr/git-drs/cmd/pull/main.go:149.5,149.47 1 0
github.com/calypr/git-drs/cmd/pull/main.go:149.47,150.14 1 0
github.com/calypr/git-drs/cmd/pull/main.go:151.11,151.35 1 0
github.com/calypr/git-drs/cmd/pull/main.go:151.35,153.6 1 0
github.com/calypr/git-drs/cmd/pull/main.go:154.5,156.41 3 0
github.com/calypr/git-drs/cmd/pull/main.go:156.41,157.55 1 0
github.com/calypr/git-drs/cmd/pull/main.go:157.55,159.126 2 0
github.com/calypr/git-drs/cmd/pull/main.go:159.126,162.8 2 0
github.com/calypr/git-drs/cmd/pull/main.go:163.7,163.15 1 0
github.com/calypr/git-drs/cmd/pull/main.go:166.5,166.100 1 0
github.com/calypr/git-drs/cmd/pull/main.go:166.100,169.6 2 0
github.com/calypr/git-drs/cmd/pull/main.go:171.9,173.4 1 0
github.com/calypr/git-drs/cmd/pull/main.go:175.3,175.69 1 0
github.com/calypr/git-drs/cmd/pull/main.go:175.69,177.4 1 0
github.com/calypr/git-drs/cmd/pull/main.go:179.3,179.13 1 0
github.com/calypr/git-drs/cmd/pull/main.go:189.97,191.30 2 2
github.com/calypr/git-drs/cmd/pull/main.go:191.30,192.43 1 5
github.com/calypr/git-drs/cmd/pull/main.go:192.43,193.12 1 2
github.com/calypr/git-drs/cmd/pull/main.go:195.3,195.28 1 3
github.com/calypr/git-drs/cmd/pull/main.go:197.2,200.28 3 2
github.com/calypr/git-drs/cmd/pull/main.go:200.28,203.3 2 3
github.com/calypr/git-drs/cmd/pull/main.go:204.2,204.14 1 2
github.com/calypr/git-drs/cmd/pull/main.go:207.119,209.74 2 0
github.com/calypr/git-drs/cmd/pull/main.go:209.74,210.29 1 0
github.com/calypr/git-drs/cmd/pull/main.go:210.29,212.4 1 0
github.com/calypr/git-drs/cmd/pull/main.go:213.3,214.13 2 0
github.com/calypr/git-drs/cmd/pull/main.go:218.89,219.26 1 0
github.com/calypr/git-drs/cmd/pull/main.go:219.26,220.72 1 0
github.com/calypr/git-drs/cmd/pull/main.go:220.72,221.12 1 0
github.com/calypr/git-drs/cmd/pull/main.go:223.3,224.17 2 0
github.com/calypr/git-drs/cmd/pull/main.go:224.17,226.4 1 0
github.com/calypr/git-drs/cmd/pull/main.go:227.3,228.17 2 0
github.com/calypr/git-drs/cmd/pull/main.go:228.17,230.4 1 0
github.com/calypr/git-drs/cmd/pull/main.go:231.3,232.46 2 0
github.com/calypr/git-drs/cmd/pull/main.go:232.46,233.50 1 0
github.com/calypr/git-drs/cmd/pull/main.go:233.50,236.5 2 0
github.com/calypr/git-drs/cmd/pull/main.go:238.3,239.17 2 0
github.com/calypr/git-drs/cmd/pull/main.go:239.17,242.4 2 0
github.com/calypr/git-drs/cmd/pull/main.go:243.3,243.46 1 0
github.com/calypr/git-drs/cmd/pull/main.go:243.46,247.4 3 0
github.com/calypr/git-drs/cmd/pull/main.go:248.3,248.37 1 0
github.com/calypr/git-drs/cmd/pull/main.go:248.37,251.4 2 0
github.com/calypr/git-drs/cmd/pull/main.go:252.3,252.37 1 0
github.com/calypr/git-drs/cmd/pull/main.go:252.37,254.4 1 0
github.com/calypr/git-drs/cmd/pull/main.go:255.3,255.26 1 0
github.com/calypr/git-drs/cmd/pull/main.go:257.2,257.12 1 0
github.com/calypr/git-drs/cmd/pull/main.go:260.103,262.16 2 0
github.com/calypr/git-drs/cmd/pull/main.go:262.16,264.3 1 0
github.com/calypr/git-drs/cmd/pull/main.go:265.2,265.20 1 0
github.com/calypr/git-drs/cmd/pull/main.go:265.20,267.3 1 0
github.com/calypr/git-drs/cmd/pull/main.go:269.2,272.32 3 0
github.com/calypr/git-drs/cmd/pull/main.go:272.32,274.43 2 0
github.com/calypr/git-drs/cmd/pull/main.go:274.43,277.27 3 0
github.com/calypr/git-drs/cmd/pull/main.go:277.27,279.5 1 0
github.com/calypr/git-drs/cmd/pull/main.go:280.4,280.20 1 0
github.com/calypr/git-drs/cmd/pull/main.go:280.20,281.63 1 0
github.com/calypr/git-drs/cmd/pull/main.go:281.63,283.6 1 0
github.com/calypr/git-drs/cmd/pull/main.go:285.4,286.26 2 0
github.com/calypr/git-drs/cmd/pull/main.go:286.26,288.5 1 0
github.com/calypr/git-drs/cmd/pull/main.go:289.4,289.124 1 0
github.com/calypr/git-drs/cmd/pull/main.go:292.2,292.138 1 0
github.com/calypr/git-drs/cmd/pull/main.go:295.13,298.2 2 1
github.com/calypr/git-drs/cmd/pull/progress.go:35.67,40.2 1 4
github.com/calypr/git-drs/cmd/pull/progress.go:42.40,44.2 1 0
github.com/calypr/git-drs/cmd/pull/progress.go:46.51,48.33 2 14
github.com/calypr/git-drs/cmd/pull/progress.go:48.33,50.18 2 20
github.com/calypr/git-drs/cmd/pull/progress.go:50.18,51.12 1 0
github.com/calypr/git-drs/cmd/pull/progress.go:53.3,53.44 1 20
github.com/calypr/git-drs/cmd/pull/progress.go:55.2,55.29 1 14
github.com/calypr/git-drs/cmd/pull/progress.go:58.60,62.29 4 4
github.com/calypr/git-drs/cmd/pull/progress.go:62.29,69.3 2 5
github.com/calypr/git-drs/cmd/pull/progress.go:70.2,70.15 1 4
github.com/calypr/git-drs/cmd/pull/progress.go:70.15,72.3 1 4
github.com/calypr/git-drs/cmd/pull/progress.go:75.66,76.16 1 3
github.com/calypr/git-drs/cmd/pull/progress.go:76.16,78.3 1 0
github.com/calypr/git-drs/cmd/pull/progress.go:79.2,80.9 2 3
github.com/calypr/git-drs/cmd/pull/progress.go:80.9,82.3 1 0
github.com/calypr/git-drs/cmd/pull/progress.go:83.2,84.19 2 3
github.com/calypr/git-drs/cmd/pull/progress.go:84.19,86.3 1 3
github.com/calypr/git-drs/cmd/pull/progress.go:87.2,88.17 2 3
github.com/calypr/git-drs/cmd/pull/progress.go:91.93,92.16 1 3
github.com/calypr/git-drs/cmd/pull/progress.go:92.16,94.3 1 0
github.com/calypr/git-drs/cmd/pull/progress.go:95.2,96.9 2 3
github.com/calypr/git-drs/cmd/pull/progress.go:96.9,98.3 1 0
github.com/calypr/git-drs/cmd/pull/progress.go:99.2,99.15 1 3
github.com/calypr/git-drs/cmd/pull/progress.go:99.15,101.3 1 3
github.com/calypr/git-drs/cmd/pull/progress.go:102.2,102.31 1 3
github.com/calypr/git-drs/cmd/pull/progress.go:102.31,104.3 1 3
github.com/calypr/git-drs/cmd/pull/progress.go:105.2,106.17 2 3
github.com/calypr/git-drs/cmd/pull/progress.go:109.66,110.16 1 1
github.com/calypr/git-drs/cmd/pull/progress.go:110.16,112.3 1 0
github.com/calypr/git-drs/cmd/pull/progress.go:113.2,114.9 2 1
github.com/calypr/git-drs/cmd/pull/progress.go:114.9,116.3 1 0
github.com/calypr/git-drs/cmd/pull/progress.go:117.2,118.38 2 1
github.com/calypr/git-drs/cmd/pull/progress.go:118.38,120.3 1 0
github.com/calypr/git-drs/cmd/pull/progress.go:121.2,121.17 1 1
github.com/calypr/git-drs/cmd/pull/progress.go:124.62,125.16 1 3
github.com/calypr/git-drs/cmd/pull/progress.go:125.16,127.3 1 0
github.com/calypr/git-drs/cmd/pull/progress.go:128.2,129.9 2 3
github.com/calypr/git-drs/cmd/pull/progress.go:129.9,131.3 1 0
github.com/calypr/git-drs/cmd/pull/progress.go:132.2,132.38 1 3
github.com/calypr/git-drs/cmd/pull/progress.go:132.38,134.3 1 0
github.com/calypr/git-drs/cmd/pull/progress.go:135.2,135.20 1 3
github.com/calypr/git-drs/cmd/pull/progress.go:135.20,137.3 1 3
github.com/calypr/git-drs/cmd/pull/progress.go:138.2,139.17 2 3
github.com/calypr/git-drs/cmd/pull/progress.go:142.41,143.16 1 1
github.com/calypr/git-drs/cmd/pull/progress.go:143.16,145.3 1 0
github.com/calypr/git-drs/cmd/pull/progress.go:146.2,147.33 2 1
github.com/calypr/git-drs/cmd/pull/progress.go:147.33,149.18 2 1
github.com/calypr/git-drs/cmd/pull/progress.go:149.18,150.12 1 0
github.com/calypr/git-drs/cmd/pull/progress.go:152.3,152.44 1 1
github.com/calypr/git-drs/cmd/pull/progress.go:154.2,155.19 2 1
github.com/calypr/git-drs/cmd/pull/progress.go:158.74,160.36 2 21
github.com/calypr/git-drs/cmd/pull/progress.go:160.36,162.3 1 21
github.com/calypr/git-drs/cmd/pull/progress.go:164.2,165.17 2 21
github.com/calypr/git-drs/cmd/pull/progress.go:165.17,166.21 1 21
github.com/calypr/git-drs/cmd/pull/progress.go:167.57,168.55 1 7
github.com/calypr/git-drs/cmd/pull/progress.go:168.55,170.5 1 6
github.com/calypr/git-drs/cmd/pull/progress.go:174.2,176.17 3 21
github.com/calypr/git-drs/cmd/pull/progress.go:176.17,179.3 2 21
github.com/calypr/git-drs/cmd/pull/progress.go:180.2,184.74 4 21
github.com/calypr/git-drs/cmd/untrack/main.go:15.34,28.2 4 3
github.com/calypr/git-drs/cmd/untrack/main.go:30.58,32.16 2 1
github.com/calypr/git-drs/cmd/untrack/main.go:32.16,34.3 1 0
github.com/calypr/git-drs/cmd/untrack/main.go:35.2,36.16 2 1
github.com/calypr/git-drs/cmd/untrack/main.go:36.16,38.3 1 0
github.com/calypr/git-drs/cmd/untrack/main.go:40.2,41.16 2 1
github.com/calypr/git-drs/cmd/untrack/main.go:41.16,43.3 1 0
github.com/calypr/git-drs/cmd/untrack/main.go:45.2,46.16 2 1
github.com/calypr/git-drs/cmd/untrack/main.go:46.16,48.3 1 0
github.com/calypr/git-drs/cmd/untrack/main.go:50.2,50.15 1 1
github.com/calypr/git-drs/cmd/untrack/main.go:50.15,52.3 1 1
github.com/calypr/git-drs/cmd/untrack/main.go:53.2,53.12 1 1
github.com/calypr/git-drs/cmd/track/main.go:18.34,31.2 4 3
github.com/calypr/git-drs/cmd/track/main.go:33.56,35.16 2 2
github.com/calypr/git-drs/cmd/track/main.go:35.16,37.3 1 0
github.com/calypr/git-drs/cmd/track/main.go:38.2,39.16 2 2
github.com/calypr/git-drs/cmd/track/main.go:39.16,41.3 1 0
github.com/calypr/git-drs/cmd/track/main.go:43.2,44.16 2 2
github.com/calypr/git-drs/cmd/track/main.go:44.16,46.3 1 0
github.com/calypr/git-drs/cmd/track/main.go:48.2,49.20 2 2
github.com/calypr/git-drs/cmd/track/main.go:49.20,51.3 1 1
github.com/calypr/git-drs/cmd/track/main.go:51.8,53.3 1 1
github.com/calypr/git-drs/cmd/track/main.go:54.2,54.16 1 2
github.com/calypr/git-drs/cmd/track/main.go:54.16,56.3 1 0
github.com/calypr/git-drs/cmd/track/main.go:58.2,58.15 1 2
github.com/calypr/git-drs/cmd/track/main.go:58.15,60.3 1 2
github.com/calypr/git-drs/cmd/track/main.go:61.2,61.12 1 2
github.com/calypr/git-drs/internal/common/common.go:18.60,19.15 1 3
github.com/calypr/git-drs/internal/common/common.go:19.15,21.3 1 1
github.com/calypr/git-drs/internal/common/common.go:22.2,22.19 1 2
github.com/calypr/git-drs/internal/common/common.go:22.19,24.3 1 0
github.com/calypr/git-drs/internal/common/common.go:25.2,25.37 1 2
github.com/calypr/git-drs/internal/common/common.go:25.37,27.3 1 1
github.com/calypr/git-drs/internal/common/common.go:28.2,29.27 2 1
github.com/calypr/git-drs/internal/common/common.go:33.55,35.16 2 2
github.com/calypr/git-drs/internal/common/common.go:35.16,37.3 1 1
github.com/calypr/git-drs/internal/common/common.go:38.2,41.41 3 1
github.com/calypr/git-drs/internal/common/common.go:41.41,43.3 1 0
github.com/calypr/git-drs/internal/common/common.go:45.2,45.44 1 1
github.com/calypr/git-drs/internal/common/common.go:49.62,53.12 3 0
github.com/calypr/git-drs/internal/common/common.go:53.12,55.3 1 0
github.com/calypr/git-drs/internal/common/common.go:55.8,57.3 1 0
github.com/calypr/git-drs/internal/common/common.go:58.2,58.16 1 0
github.com/calypr/git-drs/internal/common/common.go:58.16,60.3 1 0
github.com/calypr/git-drs/internal/common/common.go:62.2,63.12 2 0
github.com/calypr/git-drs/internal/common/confirmation.go:14.107,19.16 4 2
github.com/calypr/git-drs/internal/common/confirmation.go:19.16,21.3 1 0
github.com/calypr/git-drs/internal/common/confirmation.go:23.2,24.20 2 2
github.com/calypr/git-drs/internal/common/confirmation.go:24.20,27.3 2 1
github.com/calypr/git-drs/internal/common/confirmation.go:29.2,29.34 1 2
github.com/calypr/git-drs/internal/common/confirmation.go:29.34,31.3 1 1
github.com/calypr/git-drs/internal/common/confirmation.go:33.2,33.12 1 1
github.com/calypr/git-drs/internal/common/confirmation.go:37.58,39.2 1 1
github.com/calypr/git-drs/internal/common/confirmation.go:42.51,44.2 1 1
github.com/calypr/git-drs/internal/common/confirmation.go:47.33,49.2 1 1
github.com/calypr/git-drs/internal/common/jwt.go:10.62,13.16 3 5
github.com/calypr/git-drs/internal/common/jwt.go:13.16,15.3 1 1
github.com/calypr/git-drs/internal/common/jwt.go:16.2,17.9 2 4
github.com/calypr/git-drs/internal/common/jwt.go:17.9,19.3 1 1
github.com/calypr/git-drs/internal/common/jwt.go:20.2,21.9 2 3
github.com/calypr/git-drs/internal/common/jwt.go:21.9,23.3 1 1
github.com/calypr/git-drs/internal/common/jwt.go:24.2,25.9 2 2
github.com/calypr/git-drs/internal/common/jwt.go:25.9,27.3 1 1
github.com/calypr/git-drs/internal/common/jwt.go:28.2,28.18 1 1
github.com/calypr/git-drs/internal/common/jwt.go:31.68,34.16 3 3
github.com/calypr/git-drs/internal/common/jwt.go:34.16,36.3 1 0
github.com/calypr/git-drs/internal/common/jwt.go:37.2,38.9 2 3
github.com/calypr/git-drs/internal/common/jwt.go:38.9,40.3 1 1
github.com/calypr/git-drs/internal/common/jwt.go:41.2,42.16 2 2
github.com/calypr/git-drs/internal/common/jwt.go:42.16,44.3 1 1
github.com/calypr/git-drs/internal/common/jwt.go:45.2,45.70 1 1
github.com/calypr/git-drs/cmd/version/main.go:15.47,17.3 1 5
github.com/calypr/git-drs/cmd/version/main.go:20.28,23.43 3 6
github.com/calypr/git-drs/cmd/version/main.go:23.43,24.64 1 6
github.com/calypr/git-drs/cmd/version/main.go:24.64,26.4 1 0
github.com/calypr/git-drs/cmd/version/main.go:27.3,27.41 1 6
github.com/calypr/git-drs/cmd/version/main.go:27.41,28.23 1 42
github.com/calypr/git-drs/cmd/version/main.go:29.24,30.27 1 0
github.com/calypr/git-drs/cmd/version/main.go:31.19,32.18 1 0
github.com/calypr/git-drs/cmd/version/main.go:32.18,34.6 1 0
github.com/calypr/git-drs/cmd/version/main.go:39.2,40.26 2 6
github.com/calypr/git-drs/cmd/version/main.go:40.26,42.3 1 0
github.com/calypr/git-drs/cmd/version/main.go:44.2,44.9 1 6
github.com/calypr/git-drs/cmd/version/main.go:45.38,46.48 1 0
github.com/calypr/git-drs/cmd/version/main.go:47.17,48.13 1 0
github.com/calypr/git-drs/cmd/version/main.go:49.25,50.44 1 0
github.com/calypr/git-drs/cmd/version/main.go:51.10,52.23 1 6
github.com/calypr/git-drs/internal/drsfilter/clean.go:21.65,30.101 3 1
github.com/calypr/git-drs/internal/drsfilter/clean.go:30.101,37.3 4 1
github.com/calypr/git-drs/internal/drsfilter/clean.go:38.2,38.65 1 1
github.com/calypr/git-drs/internal/drsfilter/clean.go:48.127,52.51 3 1
github.com/calypr/git-drs/internal/drsfilter/clean.go:52.51,54.3 1 0
github.com/calypr/git-drs/internal/drsfilter/clean.go:57.2,58.16 2 1
github.com/calypr/git-drs/internal/drsfilter/clean.go:58.16,60.3 1 0
github.com/calypr/git-drs/internal/drsfilter/clean.go:61.2,62.15 2 1
github.com/calypr/git-drs/internal/drsfilter/clean.go:62.15,63.53 1 1
github.com/calypr/git-drs/internal/drsfilter/clean.go:63.53,65.4 1 1
github.com/calypr/git-drs/internal/drsfilter/clean.go:68.2,70.16 3 1
github.com/calypr/git-drs/internal/drsfilter/clean.go:70.16,73.3 2 0
github.com/calypr/git-drs/internal/drsfilter/clean.go:74.2,74.36 1 1
github.com/calypr/git-drs/internal/drsfilter/clean.go:74.36,76.3 1 0
github.com/calypr/git-drs/internal/drsfilter/clean.go:77.2,80.29 3 1
github.com/calypr/git-drs/internal/drsfilter/clean.go:80.29,81.60 1 1
github.com/calypr/git-drs/internal/drsfilter/clean.go:81.60,82.68 1 1
github.com/calypr/git-drs/internal/drsfilter/clean.go:82.68,83.46 1 1
github.com/calypr/git-drs/internal/drsfilter/clean.go:83.46,85.6 1 0
github.com/calypr/git-drs/internal/drsfilter/clean.go:86.5,86.80 1 1
github.com/calypr/git-drs/internal/drsfilter/clean.go:86.80,88.6 1 0
github.com/calypr/git-drs/internal/drsfilter/clean.go:89.5,90.15 2 1
github.com/calypr/git-drs/internal/drsfilter/clean.go:96.2,97.16 2 0
github.com/calypr/git-drs/internal/drsfilter/clean.go:97.16,99.3 1 0
github.com/calypr/git-drs/internal/drsfilter/clean.go:100.2,100.68 1 0
github.com/calypr/git-drs/internal/drsfilter/clean.go:100.68,102.3 1 0
github.com/calypr/git-drs/internal/drsfilter/clean.go:103.2,103.54 1 0
github.com/calypr/git-drs/internal/drsfilter/clean.go:103.54,105.3 1 0
github.com/calypr/git-drs/internal/drsfilter/clean.go:107.2,114.56 3 0
github.com/calypr/git-drs/internal/drsfilter/clean.go:114.56,116.3 1 0
github.com/calypr/git-drs/internal/drsfilter/clean.go:119.2,119.63 1 0
github.com/calypr/git-drs/internal/drsfilter/clean.go:119.63,121.3 1 0
github.com/calypr/git-drs/internal/drsfilter/clean.go:123.2,123.12 1 0
github.com/calypr/git-drs/internal/drsfilter/smudge.go:22.144,24.16 2 4
github.com/calypr/git-drs/internal/drsfilter/smudge.go:24.16,26.3 1 0
github.com/calypr/git-drs/internal/drsfilter/smudge.go:28.2,29.9 2 4
github.com/calypr/git-drs/internal/drsfilter/smudge.go:29.9,31.17 2 1
github.com/calypr/git-drs/internal/drsfilter/smudge.go:31.17,33.4 1 0
github.com/calypr/git-drs/internal/drsfilter/smudge.go:34.3,34.13 1 1
github.com/calypr/git-drs/internal/drsfilter/smudge.go:37.2,37.19 1 3
github.com/calypr/git-drs/internal/drsfilter/smudge.go:37.19,39.3 1 3
github.com/calypr/git-drs/internal/drsfilter/smudge.go:41.2,42.16 2 3
github.com/calypr/git-drs/internal/drsfilter/smudge.go:42.16,44.3 1 0
github.com/calypr/git-drs/internal/drsfilter/smudge.go:46.2,47.16 2 3
github.com/calypr/git-drs/internal/drsfilter/smudge.go:47.16,49.3 1 1
github.com/calypr/git-drs/internal/drsfilter/smudge.go:50.2,50.37 1 2
github.com/calypr/git-drs/internal/drsfilter/smudge.go:50.37,52.3 1 0
github.com/calypr/git-drs/internal/drsfilter/smudge.go:54.2,54.21 1 2
github.com/calypr/git-drs/internal/drsfilter/smudge.go:54.21,57.20 1 1
github.com/calypr/git-drs/internal/drsfilter/smudge.go:57.20,59.4 1 1
github.com/calypr/git-drs/internal/drsfilter/smudge.go:60.3,61.13 2 1
github.com/calypr/git-drs/internal/drsfilter/smudge.go:64.2,64.68 1 1
github.com/calypr/git-drs/internal/drsfilter/smudge.go:64.68,66.3 1 0
github.com/calypr/git-drs/internal/drsfilter/smudge.go:68.2,68.54 1 1
github.com/calypr/git-drs/internal/drsfilter/smudge.go:68.54,70.3 1 0
github.com/calypr/git-drs/internal/drsfilter/smudge.go:72.2,72.59 1 1
github.com/calypr/git-drs/internal/drsfilter/smudge.go:72.59,74.3 1 0
github.com/calypr/git-drs/internal/drsfilter/smudge.go:76.2,76.12 1 1
github.com/calypr/git-drs/internal/drsfilter/smudge.go:79.59,81.16 2 4
github.com/calypr/git-drs/internal/drsfilter/smudge.go:81.16,83.3 1 2
github.com/calypr/git-drs/internal/drsfilter/smudge.go:84.2,87.12 3 2
github.com/calypr/git-drs/internal/drsobject/object.go:21.43,25.2 3 2
github.com/calypr/git-drs/internal/drsobject/object.go:27.38,29.2 1 0
github.com/calypr/git-drs/internal/drsobject/object.go:40.49,42.2 1 0
github.com/calypr/git-drs/internal/drsobject/object.go:44.111,47.2 2 0
github.com/calypr/git-drs/internal/drsobject/object.go:49.167,56.2 1 0
github.com/calypr/git-drs/internal/drsobject/object.go:58.74,59.16 1 0
github.com/calypr/git-drs/internal/drsobject/object.go:59.16,61.3 1 0
github.com/calypr/git-drs/internal/drsobject/object.go:62.2,73.3 1 0
github.com/calypr/git-drs/internal/drsobject/object.go:76.134,77.16 1 0
github.com/calypr/git-drs/internal/drsobject/object.go:77.16,79.3 1 0
github.com/calypr/git-drs/internal/drsobject/object.go:80.2,81.41 2 0
github.com/calypr/git-drs/internal/drsobject/object.go:81.41,84.29 3 0
github.com/calypr/git-drs/internal/drsobject/object.go:84.29,85.12 1 0
github.com/calypr/git-drs/internal/drsobject/object.go:87.3,87.20 1 0
github.com/calypr/git-drs/internal/drsobject/object.go:90.2,101.72 3 0
github.com/calypr/git-drs/internal/drsobject/object.go:101.72,103.3 1 0
github.com/calypr/git-drs/internal/drsobject/object.go:104.2,104.57 1 0
github.com/calypr/git-drs/internal/drsobject/object.go:104.57,106.3 1 0
github.com/calypr/git-drs/internal/drsobject/object.go:107.2,107.15 1 0
github.com/calypr/git-drs/internal/drsobject/object.go:119.132,121.20 2 2
github.com/calypr/git-drs/internal/drsobject/object.go:121.20,123.3 1 0
github.com/calypr/git-drs/internal/drsobject/object.go:125.2,135.23 2 2
github.com/calypr/git-drs/internal/drsobject/object.go:135.23,137.3 1 0
github.com/calypr/git-drs/internal/drsobject/object.go:139.2,142.16 3 2
github.com/calypr/git-drs/internal/drsobject/object.go:142.16,144.3 1 0
github.com/calypr/git-drs/internal/drsobject/object.go:146.2,155.97 4 2
github.com/calypr/git-drs/internal/drsobject/object.go:155.97,158.3 2 2
github.com/calypr/git-drs/internal/drsobject/object.go:159.2,159.17 1 2
github.com/calypr/git-drs/internal/drsobject/object.go:162.125,165.18 3 2
github.com/calypr/git-drs/internal/drsobject/object.go:165.18,167.3 1 0
github.com/calypr/git-drs/internal/drsobject/object.go:168.2,168.15 1 2
github.com/calypr/git-drs/internal/drsobject/object.go:168.15,170.3 1 0
github.com/calypr/git-drs/internal/drsobject/object.go:172.2,173.18 2 2
github.com/calypr/git-drs/internal/drsobject/object.go:173.18,175.3 1 2
github.com/calypr/git-drs/internal/drsobject/object.go:177.2,177.63 1 2
github.com/calypr/git-drs/internal/drsobject/object.go:177.63,181.21 4 0
github.com/calypr/git-drs/internal/drsobject/object.go:181.21,182.20 1 0
github.com/calypr/git-drs/internal/drsobject/object.go:182.20,184.5 1 0
github.com/calypr/git-drs/internal/drsobject/object.go:184.10,186.5 1 0
github.com/calypr/git-drs/internal/drsobject/object.go:190.2,190.18 1 2
github.com/calypr/git-drs/internal/drsobject/object.go:190.18,192.3 1 0
github.com/calypr/git-drs/internal/drsobject/object.go:193.2,196.18 4 2
github.com/calypr/git-drs/internal/drsobject/object.go:196.18,198.3 1 1
github.com/calypr/git-drs/internal/drsobject/object.go:199.2,199.73 1 2
github.com/calypr/git-drs/internal/drsobject/object.go:202.49,203.54 1 2
github.com/calypr/git-drs/internal/drsobject/object.go:204.32,205.14 1 2
github.com/calypr/git-drs/internal/drsobject/object.go:206.36,207.14 1 0
github.com/calypr/git-drs/internal/drsobject/object.go:208.33,209.14 1 0
github.com/calypr/git-drs/internal/drsobject/object.go:210.10,211.81 1 0
github.com/calypr/git-drs/internal/drsobject/object.go:215.54,216.79 1 2
github.com/calypr/git-drs/internal/drsobject/object.go:217.19,218.43 1 0
github.com/calypr/git-drs/internal/drsobject/object.go:219.12,220.43 1 2
github.com/calypr/git-drs/internal/drsobject/object.go:221.10,222.79 1 0
github.com/calypr/git-drs/internal/drsobject/store.go:13.62,15.20 2 3
github.com/calypr/git-drs/internal/drsobject/store.go:15.20,17.3 1 1
github.com/calypr/git-drs/internal/drsobject/store.go:18.2,18.61 1 2
github.com/calypr/git-drs/internal/drsobject/store.go:21.79,23.16 2 1
github.com/calypr/git-drs/internal/drsobject/store.go:23.16,25.3 1 0
github.com/calypr/git-drs/internal/drsobject/store.go:27.2,28.16 2 1
github.com/calypr/git-drs/internal/drsobject/store.go:28.16,30.3 1 0
github.com/calypr/git-drs/internal/drsobject/store.go:31.2,31.69 1 1
github.com/calypr/git-drs/internal/drsobject/store.go:31.69,33.3 1 0
github.com/calypr/git-drs/internal/drsobject/store.go:35.2,35.69 1 1
github.com/calypr/git-drs/internal/drsobject/store.go:35.69,37.3 1 0
github.com/calypr/git-drs/internal/drsobject/store.go:38.2,38.12 1 1
github.com/calypr/git-drs/internal/drsobject/store.go:41.73,43.16 2 1
github.com/calypr/git-drs/internal/drsobject/store.go:43.16,45.3 1 0
github.com/calypr/git-drs/internal/drsobject/store.go:47.2,48.16 2 1
github.com/calypr/git-drs/internal/drsobject/store.go:48.16,50.3 1 0
github.com/calypr/git-drs/internal/drsobject/store.go:52.2,53.79 2 1
github.com/calypr/git-drs/internal/drsobject/store.go:53.79,55.3 1 0
github.com/calypr/git-drs/internal/drsobject/store.go:57.2,57.24 1 1
github.com/calypr/git-drs/internal/drsremote/bulk.go:9.86,16.30 3 1
github.com/calypr/git-drs/internal/drsremote/bulk.go:16.30,19.39 3 1
github.com/calypr/git-drs/internal/drsremote/bulk.go:19.39,20.12 1 0
github.com/calypr/git-drs/internal/drsremote/bulk.go:22.3,30.5 3 1
github.com/calypr/git-drs/internal/drsremote/bulk.go:32.2,32.21 1 1
github.com/calypr/git-drs/internal/drsremote/bulk.go:32.21,34.3 1 0
github.com/calypr/git-drs/internal/drsremote/bulk.go:35.2,36.18 2 1
github.com/calypr/git-drs/internal/drsremote/bulk.go:39.58,40.30 1 1
github.com/calypr/git-drs/internal/drsremote/bulk.go:40.30,42.3 1 0
github.com/calypr/git-drs/internal/drsremote/bulk.go:43.2,43.44 1 1
github.com/calypr/git-drs/internal/drsremote/bulk.go:43.44,44.74 1 1
github.com/calypr/git-drs/internal/drsremote/bulk.go:44.74,46.4 1 1
github.com/calypr/git-drs/internal/drsremote/bulk.go:48.2,48.11 1 0
github.com/calypr/git-drs/internal/drsremote/remote.go:23.113,24.43 1 2
github.com/calypr/git-drs/internal/drsremote/remote.go:24.43,26.3 1 0
github.com/calypr/git-drs/internal/drsremote/remote.go:27.2,28.20 2 2
github.com/calypr/git-drs/internal/drsremote/remote.go:28.20,30.3 1 0
github.com/calypr/git-drs/internal/drsremote/remote.go:31.2,32.16 2 2
github.com/calypr/git-drs/internal/drsremote/remote.go:32.16,34.3 1 0
github.com/calypr/git-drs/internal/drsremote/remote.go:35.2,35.29 1 2
github.com/calypr/git-drs/internal/drsremote/remote.go:38.129,39.43 1 1
github.com/calypr/git-drs/internal/drsremote/remote.go:39.43,41.3 1 0
github.com/calypr/git-drs/internal/drsremote/remote.go:42.2,44.37 3 1
github.com/calypr/git-drs/internal/drsremote/remote.go:44.37,46.23 2 2
github.com/calypr/git-drs/internal/drsremote/remote.go:46.23,47.12 1 0
github.com/calypr/git-drs/internal/drsremote/remote.go:49.3,49.60 1 2
github.com/calypr/git-drs/internal/drsremote/remote.go:49.60,50.12 1 0
github.com/calypr/git-drs/internal/drsremote/remote.go:52.3,53.54 2 2
github.com/calypr/git-drs/internal/drsremote/remote.go:55.2,55.30 1 1
github.com/calypr/git-drs/internal/drsremote/remote.go:55.30,57.3 1 0
github.com/calypr/git-drs/internal/drsremote/remote.go:60.2,66.42 6 1
github.com/calypr/git-drs/internal/drsremote/remote.go:66.42,68.21 2 2
github.com/calypr/git-drs/internal/drsremote/remote.go:68.21,70.17 2 2
github.com/calypr/git-drs/internal/drsremote/remote.go:70.17,70.26 1 2
github.com/calypr/git-drs/internal/drsremote/remote.go:72.4,73.18 2 2
github.com/calypr/git-drs/internal/drsremote/remote.go:73.18,75.5 1 0
github.com/calypr/git-drs/internal/drsremote/remote.go:76.4,76.68 1 2
github.com/calypr/git-drs/internal/drsremote/remote.go:76.68,78.5 1 0
github.com/calypr/git-drs/internal/drsremote/remote.go:80.4,83.14 4 2
github.com/calypr/git-drs/internal/drsremote/remote.go:87.2,87.33 1 1
github.com/calypr/git-drs/internal/drsremote/remote.go:87.33,89.3 1 0
github.com/calypr/git-drs/internal/drsremote/remote.go:91.2,92.57 2 1
github.com/calypr/git-drs/internal/drsremote/remote.go:92.57,95.3 2 2
github.com/calypr/git-drs/internal/drsremote/remote.go:96.2,96.33 1 1
github.com/calypr/git-drs/internal/drsremote/remote.go:96.33,97.42 1 3
github.com/calypr/git-drs/internal/drsremote/remote.go:97.42,98.54 1 3
github.com/calypr/git-drs/internal/drsremote/remote.go:98.54,99.13 1 0
github.com/calypr/git-drs/internal/drsremote/remote.go:101.4,102.24 2 3
github.com/calypr/git-drs/internal/drsremote/remote.go:102.24,103.13 1 0
github.com/calypr/git-drs/internal/drsremote/remote.go:105.4,106.11 2 3
github.com/calypr/git-drs/internal/drsremote/remote.go:106.11,107.13 1 0
github.com/calypr/git-drs/internal/drsremote/remote.go:109.4,110.30 2 3
github.com/calypr/git-drs/internal/drsremote/remote.go:110.30,112.5 1 3
github.com/calypr/git-drs/internal/drsremote/remote.go:116.2,116.21 1 1
github.com/calypr/git-drs/internal/drsremote/remote.go:119.121,121.16 2 2
github.com/calypr/git-drs/internal/drsremote/remote.go:121.16,123.3 1 0
github.com/calypr/git-drs/internal/drsremote/remote.go:124.2,125.30 2 2
github.com/calypr/git-drs/internal/drsremote/remote.go:125.30,126.64 1 4
github.com/calypr/git-drs/internal/drsremote/remote.go:126.64,128.4 1 4
github.com/calypr/git-drs/internal/drsremote/remote.go:130.2,130.20 1 2
github.com/calypr/git-drs/internal/drsremote/remote.go:133.137,135.16 2 1
github.com/calypr/git-drs/internal/drsremote/remote.go:135.16,137.3 1 0
github.com/calypr/git-drs/internal/drsremote/remote.go:138.2,139.51 2 1
github.com/calypr/git-drs/internal/drsremote/remote.go:139.51,141.31 2 4
github.com/calypr/git-drs/internal/drsremote/remote.go:141.31,142.65 1 6
github.com/calypr/git-drs/internal/drsremote/remote.go:142.65,144.5 1 4
github.com/calypr/git-drs/internal/drsremote/remote.go:146.3,146.31 1 4
github.com/calypr/git-drs/internal/drsremote/remote.go:148.2,148.21 1 1
github.com/calypr/git-drs/internal/drsremote/remote.go:151.139,153.16 2 1
github.com/calypr/git-drs/internal/drsremote/remote.go:153.16,155.3 1 0
github.com/calypr/git-drs/internal/drsremote/remote.go:156.2,156.23 1 1
github.com/calypr/git-drs/internal/drsremote/remote.go:156.23,158.3 1 0
github.com/calypr/git-drs/internal/drsremote/remote.go:159.2,160.66 2 1
github.com/calypr/git-drs/internal/drsremote/remote.go:160.66,162.3 1 0
github.com/calypr/git-drs/internal/drsremote/remote.go:163.2,164.22 2 1
github.com/calypr/git-drs/internal/drsremote/remote.go:164.22,166.3 1 0
github.com/calypr/git-drs/internal/drsremote/remote.go:167.2,168.16 2 1
github.com/calypr/git-drs/internal/drsremote/remote.go:168.16,170.3 1 0
github.com/calypr/git-drs/internal/drsremote/remote.go:171.2,171.32 1 1
github.com/calypr/git-drs/internal/drsremote/remote.go:174.144,175.43 1 1
github.com/calypr/git-drs/internal/drsremote/remote.go:175.43,177.3 1 0
github.com/calypr/git-drs/internal/drsremote/remote.go:178.2,179.9 2 1
github.com/calypr/git-drs/internal/drsremote/remote.go:179.9,181.3 1 0
github.com/calypr/git-drs/internal/drsremote/remote.go:183.2,184.16 2 1
github.com/calypr/git-drs/internal/drsremote/remote.go:184.16,186.3 1 0
github.com/calypr/git-drs/internal/drsremote/remote.go:187.2,187.25 1 1
github.com/calypr/git-drs/internal/drsremote/remote.go:187.25,189.3 1 0
github.com/calypr/git-drs/internal/drsremote/remote.go:191.2,192.53 2 1
github.com/calypr/git-drs/internal/drsremote/remote.go:192.53,194.3 1 0
github.com/calypr/git-drs/internal/drsremote/remote.go:195.2,195.69 1 1
github.com/calypr/git-drs/internal/drsremote/remote.go:195.69,196.34 1 1
github.com/calypr/git-drs/internal/drsremote/remote.go:196.34,197.12 1 0
github.com/calypr/git-drs/internal/drsremote/remote.go:199.3,200.81 2 1
github.com/calypr/git-drs/internal/drsremote/remote.go:200.81,201.12 1 0
github.com/calypr/git-drs/internal/drsremote/remote.go:203.3,203.100 1 1
github.com/calypr/git-drs/internal/drsremote/remote.go:205.2,205.17 1 1
github.com/calypr/git-drs/internal/drsremote/remote.go:210.124,212.68 2 0
github.com/calypr/git-drs/internal/drsremote/remote.go:212.68,214.3 1 0
github.com/calypr/git-drs/internal/drsremote/remote.go:216.2,217.16 2 0
github.com/calypr/git-drs/internal/drsremote/remote.go:217.16,219.3 1 0
github.com/calypr/git-drs/internal/drsremote/remote.go:220.2,220.72 1 0
github.com/calypr/git-drs/internal/drsremote/remote.go:223.163,224.68 1 0
github.com/calypr/git-drs/internal/drsremote/remote.go:224.68,226.3 1 0
github.com/calypr/git-drs/internal/drsremote/remote.go:227.2,227.59 1 0
github.com/calypr/git-drs/internal/drsremote/remote.go:227.59,229.3 1 0
github.com/calypr/git-drs/internal/drsremote/remote.go:230.2,230.70 1 0
github.com/calypr/git-drs/internal/drsremote/remote.go:233.189,234.43 1 1
github.com/calypr/git-drs/internal/drsremote/remote.go:234.43,236.3 1 0
github.com/calypr/git-drs/internal/drsremote/remote.go:237.2,237.78 1 1
github.com/calypr/git-drs/internal/drsremote/remote.go:237.78,239.3 1 0
github.com/calypr/git-drs/internal/drsremote/remote.go:240.2,245.75 2 1
github.com/calypr/git-drs/internal/drsremote/remote.go:248.152,254.2 1 0
github.com/calypr/git-drs/internal/drsremote/remote.go:262.40,264.2 1 0
github.com/calypr/git-drs/internal/drsremote/remote.go:266.59,268.2 1 0
github.com/calypr/git-drs/internal/drsremote/remote.go:270.99,276.2 1 1
github.com/calypr/git-drs/internal/drsremote/remote.go:278.93,280.2 1 1
github.com/calypr/git-drs/internal/drsremote/remote.go:282.120,283.17 1 1
github.com/calypr/git-drs/internal/drsremote/remote.go:283.17,285.3 1 0
github.com/calypr/git-drs/internal/drsremote/remote.go:286.2,287.39 2 1
github.com/calypr/git-drs/internal/drsremote/remote.go:290.98,292.16 2 2
github.com/calypr/git-drs/internal/drsremote/remote.go:292.16,294.3 1 0
github.com/calypr/git-drs/internal/drsremote/remote.go:295.2,295.54 1 2
github.com/calypr/git-drs/internal/drsremote/remote.go:295.54,298.3 2 1
github.com/calypr/git-drs/internal/drsremote/remote.go:299.2,299.23 1 1
github.com/calypr/git-drs/internal/drsremote/scope.go:12.77,14.2 1 13
github.com/calypr/git-drs/internal/drsremote/scope.go:16.112,17.23 1 4
github.com/calypr/git-drs/internal/drsremote/scope.go:17.23,19.3 1 2
github.com/calypr/git-drs/internal/drsremote/scope.go:21.2,22.15 2 2
github.com/calypr/git-drs/internal/drsremote/scope.go:22.15,24.3 1 0
github.com/calypr/git-drs/internal/drsremote/scope.go:26.2,26.33 1 2
github.com/calypr/git-drs/internal/drsremote/scope.go:26.33,27.42 1 3
github.com/calypr/git-drs/internal/drsremote/scope.go:27.42,29.4 1 1
github.com/calypr/git-drs/internal/drsremote/scope.go:31.2,31.17 1 1
github.com/calypr/git-drs/internal/drstrack/routes.go:14.110,16.34 2 3
github.com/calypr/git-drs/internal/drstrack/routes.go:16.34,18.3 1 0
github.com/calypr/git-drs/internal/drstrack/routes.go:20.2,22.29 3 3
github.com/calypr/git-drs/internal/drstrack/routes.go:22.29,24.14 2 3
github.com/calypr/git-drs/internal/drstrack/routes.go:24.14,25.12 1 0
github.com/calypr/git-drs/internal/drstrack/routes.go:27.3,27.28 1 3
github.com/calypr/git-drs/internal/drstrack/routes.go:27.28,30.4 2 3
github.com/calypr/git-drs/internal/drstrack/routes.go:32.2,32.21 1 3
github.com/calypr/git-drs/internal/drstrack/routes.go:32.21,34.3 1 0
github.com/calypr/git-drs/internal/drstrack/routes.go:36.2,38.20 3 3
github.com/calypr/git-drs/internal/drstrack/routes.go:38.20,40.17 2 2
github.com/calypr/git-drs/internal/drstrack/routes.go:40.17,42.4 1 3
github.com/calypr/git-drs/internal/drstrack/routes.go:43.3,43.34 1 2
github.com/calypr/git-drs/internal/drstrack/routes.go:43.34,45.4 1 0
github.com/calypr/git-drs/internal/drstrack/routes.go:46.8,46.36 1 1
github.com/calypr/git-drs/internal/drstrack/routes.go:46.36,48.3 1 0
github.com/calypr/git-drs/internal/drstrack/routes.go:50.2,51.29 2 3
github.com/calypr/git-drs/internal/drstrack/routes.go:51.29,53.9 2 3
github.com/calypr/git-drs/internal/drstrack/routes.go:53.9,55.4 1 2
github.com/calypr/git-drs/internal/drstrack/routes.go:58.2,58.28 1 3
github.com/calypr/git-drs/internal/drstrack/routes.go:58.28,60.31 2 3
github.com/calypr/git-drs/internal/drstrack/routes.go:60.31,61.48 1 2
github.com/calypr/git-drs/internal/drstrack/routes.go:61.48,64.5 2 1
github.com/calypr/git-drs/internal/drstrack/routes.go:65.4,65.12 1 2
github.com/calypr/git-drs/internal/drstrack/routes.go:67.3,68.17 2 1
github.com/calypr/git-drs/internal/drstrack/routes.go:71.2,71.32 1 3
github.com/calypr/git-drs/internal/drstrack/routes.go:71.32,73.3 1 1
github.com/calypr/git-drs/internal/drstrack/routes.go:75.2,75.76 1 2
github.com/calypr/git-drs/internal/drstrack/routes.go:75.76,77.3 1 0
github.com/calypr/git-drs/internal/drstrack/routes.go:79.2,80.35 2 2
github.com/calypr/git-drs/internal/drstrack/routes.go:80.35,82.3 1 2
github.com/calypr/git-drs/internal/drstrack/routes.go:83.2,83.76 1 2
github.com/calypr/git-drs/internal/drstrack/routes.go:83.76,85.3 1 0
github.com/calypr/git-drs/internal/drstrack/routes.go:86.2,86.18 1 2
github.com/calypr/git-drs/internal/drstrack/routes.go:89.73,91.42 2 4
github.com/calypr/git-drs/internal/drstrack/routes.go:91.42,93.3 1 1
github.com/calypr/git-drs/internal/drstrack/routes.go:95.2,96.20 2 3
github.com/calypr/git-drs/internal/drstrack/routes.go:96.20,98.3 1 0
github.com/calypr/git-drs/internal/drstrack/routes.go:100.2,101.32 2 3
github.com/calypr/git-drs/internal/drstrack/routes.go:101.32,102.43 1 3
github.com/calypr/git-drs/internal/drstrack/routes.go:102.43,105.34 3 3
github.com/calypr/git-drs/internal/drstrack/routes.go:105.34,107.5 1 3
github.com/calypr/git-drs/internal/drstrack/routes.go:108.4,108.24 1 0
github.com/calypr/git-drs/internal/drstrack/routes.go:111.2,111.22 1 0
github.com/calypr/git-drs/internal/drstrack/tracking.go:16.103,22.16 5 2
github.com/calypr/git-drs/internal/drstrack/tracking.go:22.16,24.3 1 0
github.com/calypr/git-drs/internal/drstrack/tracking.go:26.2,28.46 2 2
github.com/calypr/git-drs/internal/drstrack/tracking.go:28.46,32.50 3 3
github.com/calypr/git-drs/internal/drstrack/tracking.go:32.50,33.176 1 0
github.com/calypr/git-drs/internal/drstrack/tracking.go:33.176,35.13 2 0
github.com/calypr/git-drs/internal/drstrack/tracking.go:39.3,42.14 3 3
github.com/calypr/git-drs/internal/drstrack/tracking.go:42.14,45.4 2 0
github.com/calypr/git-drs/internal/drstrack/tracking.go:48.2,48.13 1 2
github.com/calypr/git-drs/internal/drstrack/tracking.go:48.13,49.93 1 1
github.com/calypr/git-drs/internal/drstrack/tracking.go:49.93,51.4 1 0
github.com/calypr/git-drs/internal/drstrack/tracking.go:54.2,54.29 1 2
github.com/calypr/git-drs/internal/drstrack/tracking.go:57.77,62.16 4 1
github.com/calypr/git-drs/internal/drstrack/tracking.go:62.16,64.3 1 0
github.com/calypr/git-drs/internal/drstrack/tracking.go:66.2,68.21 3 1
github.com/calypr/git-drs/internal/drstrack/tracking.go:68.21,70.44 2 2
github.com/calypr/git-drs/internal/drstrack/tracking.go:70.44,71.12 1 0
github.com/calypr/git-drs/internal/drstrack/tracking.go:73.3,74.22 2 2
github.com/calypr/git-drs/internal/drstrack/tracking.go:74.22,75.12 1 0
github.com/calypr/git-drs/internal/drstrack/tracking.go:77.3,77.62 1 2
github.com/calypr/git-drs/internal/drstrack/tracking.go:79.2,79.38 1 1
github.com/calypr/git-drs/internal/drstrack/tracking.go:79.38,81.3 1 0
github.com/calypr/git-drs/internal/drstrack/tracking.go:83.2,83.24 1 1
github.com/calypr/git-drs/internal/drstrack/tracking.go:83.24,85.3 1 0
github.com/calypr/git-drs/internal/drstrack/tracking.go:87.2,89.29 3 1
github.com/calypr/git-drs/internal/drstrack/tracking.go:89.29,91.3 1 2
github.com/calypr/git-drs/internal/drstrack/tracking.go:92.2,92.26 1 1
github.com/calypr/git-drs/internal/drstrack/tracking.go:95.105,100.16 4 2
github.com/calypr/git-drs/internal/drstrack/tracking.go:100.16,102.3 1 0
github.com/calypr/git-drs/internal/drstrack/tracking.go:103.2,103.30 1 2
github.com/calypr/git-drs/internal/drstrack/tracking.go:103.30,105.3 1 0
github.com/calypr/git-drs/internal/drstrack/tracking.go:107.2,108.29 2 2
github.com/calypr/git-drs/internal/drstrack/tracking.go:108.29,111.3 2 2
github.com/calypr/git-drs/internal/drstrack/tracking.go:113.2,116.21 4 2
github.com/calypr/git-drs/internal/drstrack/tracking.go:116.21,118.44 2 3
github.com/calypr/git-drs/internal/drstrack/tracking.go:118.44,120.12 2 0
github.com/calypr/git-drs/internal/drstrack/tracking.go:123.3,124.22 2 3
github.com/calypr/git-drs/internal/drstrack/tracking.go:124.22,126.12 2 0
github.com/calypr/git-drs/internal/drstrack/tracking.go:129.3,130.35 2 3
github.com/calypr/git-drs/internal/drstrack/tracking.go:130.35,132.12 2 2
github.com/calypr/git-drs/internal/drstrack/tracking.go:135.3,135.38 1 1
github.com/calypr/git-drs/internal/drstrack/tracking.go:137.2,137.38 1 2
github.com/calypr/git-drs/internal/drstrack/tracking.go:137.38,139.3 1 0
github.com/calypr/git-drs/internal/drstrack/tracking.go:141.2,141.13 1 2
github.com/calypr/git-drs/internal/drstrack/tracking.go:141.13,143.20 2 1
github.com/calypr/git-drs/internal/drstrack/tracking.go:143.20,145.4 1 1
github.com/calypr/git-drs/internal/drstrack/tracking.go:146.3,146.80 1 1
github.com/calypr/git-drs/internal/drstrack/tracking.go:146.80,148.4 1 0
github.com/calypr/git-drs/internal/drstrack/tracking.go:151.2,151.26 1 2
github.com/calypr/git-drs/internal/drstrack/tracking.go:154.47,156.16 2 5
github.com/calypr/git-drs/internal/drstrack/tracking.go:156.16,157.25 1 2
github.com/calypr/git-drs/internal/drstrack/tracking.go:157.25,159.4 1 2
github.com/calypr/git-drs/internal/drstrack/tracking.go:160.3,160.57 1 0
github.com/calypr/git-drs/internal/drstrack/tracking.go:162.2,162.18 1 3
github.com/calypr/git-drs/internal/drstrack/tracking.go:165.62,168.21 3 2
github.com/calypr/git-drs/internal/drstrack/tracking.go:168.21,170.44 2 0
github.com/calypr/git-drs/internal/drstrack/tracking.go:170.44,171.12 1 0
github.com/calypr/git-drs/internal/drstrack/tracking.go:173.3,174.22 2 0
github.com/calypr/git-drs/internal/drstrack/tracking.go:174.22,175.12 1 0
github.com/calypr/git-drs/internal/drstrack/tracking.go:177.3,177.47 1 0
github.com/calypr/git-drs/internal/drstrack/tracking.go:179.2,179.14 1 2
github.com/calypr/git-drs/internal/drstrack/tracking.go:182.94,183.12 1 1
github.com/calypr/git-drs/internal/drstrack/tracking.go:183.12,185.3 1 0
github.com/calypr/git-drs/internal/drstrack/tracking.go:187.2,188.23 2 1
github.com/calypr/git-drs/internal/drstrack/tracking.go:188.23,190.22 2 0
github.com/calypr/git-drs/internal/drstrack/tracking.go:190.22,193.24 3 0
github.com/calypr/git-drs/internal/drstrack/tracking.go:193.24,195.40 2 0
github.com/calypr/git-drs/internal/drstrack/tracking.go:195.40,198.14 3 0
github.com/calypr/git-drs/internal/drstrack/tracking.go:201.4,201.33 1 0
github.com/calypr/git-drs/internal/drstrack/tracking.go:203.3,203.39 1 0
github.com/calypr/git-drs/internal/drstrack/tracking.go:203.39,205.4 1 0
github.com/calypr/git-drs/internal/drstrack/tracking.go:208.2,208.34 1 1
github.com/calypr/git-drs/internal/drstrack/tracking.go:208.34,210.3 1 2
github.com/calypr/git-drs/internal/drstrack/tracking.go:212.2,213.19 2 1
github.com/calypr/git-drs/internal/drstrack/tracking.go:213.19,215.3 1 1
github.com/calypr/git-drs/internal/drstrack/tracking.go:216.2,216.79 1 1
github.com/calypr/git-drs/internal/drstrack/tracking.go:216.79,218.3 1 0
github.com/calypr/git-drs/internal/drstrack/tracking.go:219.2,219.12 1 1
github.com/calypr/git-drs/internal/drstrack/tracking.go:222.43,224.2 1 3
github.com/calypr/git-drs/internal/drstrack/tracking.go:226.44,228.2 1 8
github.com/calypr/git-drs/internal/drstrack/tracking.go:235.41,237.31 2 5
github.com/calypr/git-drs/internal/drstrack/tracking.go:237.31,239.3 1 0
github.com/calypr/git-drs/internal/drstrack/tracking.go:239.8,241.3 1 5
github.com/calypr/git-drs/internal/drstrack/tracking.go:243.2,243.44 1 5
github.com/calypr/git-drs/internal/drstrack/tracking.go:243.44,245.3 1 10
github.com/calypr/git-drs/internal/drstrack/tracking.go:247.2,247.16 1 5
github.com/calypr/git-drs/internal/drstrack/tracking.go:250.49,253.44 2 7
github.com/calypr/git-drs/internal/drstrack/tracking.go:253.44,255.3 1 14
github.com/calypr/git-drs/internal/drstrack/tracking.go:257.2,257.31 1 7
github.com/calypr/git-drs/internal/drstrack/tracking.go:257.31,259.3 1 7
github.com/calypr/git-drs/internal/drstrack/tracking.go:261.2,261.18 1 7
github.com/calypr/git-drs/internal/drstrack/tracking.go:264.68,265.76 1 0
github.com/calypr/git-drs/internal/drstrack/tracking.go:265.76,267.3 1 0
github.com/calypr/git-drs/internal/drstrack/tracking.go:269.2,270.16 2 0
github.com/calypr/git-drs/internal/drstrack/tracking.go:270.16,272.3 1 0
github.com/calypr/git-drs/internal/drstrack/tracking.go:274.2,276.16 3 0
github.com/calypr/git-drs/internal/drstrack/tracking.go:276.16,278.3 1 0
github.com/calypr/git-drs/internal/drstrack/tracking.go:280.2,280.21 1 0
github.com/calypr/git-drs/internal/gitfilter/filter_process.go:56.80,62.2 1 1
github.com/calypr/git-drs/internal/gitfilter/filter_process.go:65.56,68.2 2 1
github.com/calypr/git-drs/internal/gitfilter/filter_process.go:71.54,74.2 2 0
github.com/calypr/git-drs/internal/gitfilter/filter_process.go:78.52,80.38 2 1
github.com/calypr/git-drs/internal/gitfilter/filter_process.go:80.38,83.3 2 0
github.com/calypr/git-drs/internal/gitfilter/filter_process.go:84.2,84.6 1 1
github.com/calypr/git-drs/internal/gitfilter/filter_process.go:84.6,85.35 1 2
github.com/calypr/git-drs/internal/gitfilter/filter_process.go:85.35,87.4 1 0
github.com/calypr/git-drs/internal/gitfilter/filter_process.go:88.3,88.43 1 2
github.com/calypr/git-drs/internal/gitfilter/filter_process.go:88.43,89.21 1 1
github.com/calypr/git-drs/internal/gitfilter/filter_process.go:89.21,91.5 1 1
github.com/calypr/git-drs/internal/gitfilter/filter_process.go:92.4,92.14 1 0
github.com/calypr/git-drs/internal/gitfilter/filter_process.go:116.39,119.16 2 1
github.com/calypr/git-drs/internal/gitfilter/filter_process.go:119.16,121.3 1 0
github.com/calypr/git-drs/internal/gitfilter/filter_process.go:122.2,122.36 1 1
github.com/calypr/git-drs/internal/gitfilter/filter_process.go:122.36,124.3 1 0
github.com/calypr/git-drs/internal/gitfilter/filter_process.go:126.2,127.16 2 1
github.com/calypr/git-drs/internal/gitfilter/filter_process.go:127.16,129.3 1 0
github.com/calypr/git-drs/internal/gitfilter/filter_process.go:130.2,130.45 1 1
github.com/calypr/git-drs/internal/gitfilter/filter_process.go:130.45,132.3 1 0
github.com/calypr/git-drs/internal/gitfilter/filter_process.go:135.2,135.89 1 1
github.com/calypr/git-drs/internal/gitfilter/filter_process.go:135.89,137.3 1 0
github.com/calypr/git-drs/internal/gitfilter/filter_process.go:140.2,140.49 1 1
github.com/calypr/git-drs/internal/gitfilter/filter_process.go:140.49,142.3 1 0
github.com/calypr/git-drs/internal/gitfilter/filter_process.go:145.2,145.80 1 1
github.com/calypr/git-drs/internal/gitfilter/filter_process.go:152.59,155.16 3 2
github.com/calypr/git-drs/internal/gitfilter/filter_process.go:155.16,158.3 2 1
github.com/calypr/git-drs/internal/gitfilter/filter_process.go:159.2,162.16 3 1
github.com/calypr/git-drs/internal/gitfilter/filter_process.go:162.16,164.3 1 0
github.com/calypr/git-drs/internal/gitfilter/filter_process.go:166.2,167.21 2 1
github.com/calypr/git-drs/internal/gitfilter/filter_process.go:168.16,169.49 1 1
github.com/calypr/git-drs/internal/gitfilter/filter_process.go:170.15,171.48 1 0
github.com/calypr/git-drs/internal/gitfilter/filter_process.go:172.10,174.61 1 0
github.com/calypr/git-drs/internal/gitfilter/filter_process.go:177.2,177.23 1 1
github.com/calypr/git-drs/internal/gitfilter/filter_process.go:177.23,179.72 1 0
github.com/calypr/git-drs/internal/gitfilter/filter_process.go:179.72,181.4 1 0
github.com/calypr/git-drs/internal/gitfilter/filter_process.go:182.3,182.13 1 0
github.com/calypr/git-drs/internal/gitfilter/filter_process.go:184.2,184.12 1 1
github.com/calypr/git-drs/internal/gitfilter/filter_process.go:187.96,188.21 1 1
github.com/calypr/git-drs/internal/gitfilter/filter_process.go:188.21,190.3 1 0
github.com/calypr/git-drs/internal/gitfilter/filter_process.go:192.2,193.75 2 1
github.com/calypr/git-drs/internal/gitfilter/filter_process.go:193.75,195.3 1 0
github.com/calypr/git-drs/internal/gitfilter/filter_process.go:196.2,196.44 1 1
github.com/calypr/git-drs/internal/gitfilter/filter_process.go:199.95,200.20 1 0
github.com/calypr/git-drs/internal/gitfilter/filter_process.go:200.20,202.3 1 0
github.com/calypr/git-drs/internal/gitfilter/filter_process.go:204.2,205.74 2 0
github.com/calypr/git-drs/internal/gitfilter/filter_process.go:205.74,207.3 1 0
github.com/calypr/git-drs/internal/gitfilter/filter_process.go:208.2,208.44 1 0
github.com/calypr/git-drs/internal/gitfilter/filter_process.go:212.61,214.2 1 0
github.com/calypr/git-drs/internal/gitfilter/filter_process.go:217.60,219.2 1 0
github.com/calypr/git-drs/internal/gitfilter/filter_process.go:230.61,231.73 1 1
github.com/calypr/git-drs/internal/gitfilter/filter_process.go:231.73,233.3 1 0
github.com/calypr/git-drs/internal/gitfilter/filter_process.go:235.2,236.19 2 1
github.com/calypr/git-drs/internal/gitfilter/filter_process.go:236.19,237.42 1 1
github.com/calypr/git-drs/internal/gitfilter/filter_process.go:237.42,239.4 1 0
github.com/calypr/git-drs/internal/gitfilter/filter_process.go:241.2,241.34 1 1
github.com/calypr/git-drs/internal/gitfilter/filter_process.go:241.34,243.3 1 0
github.com/calypr/git-drs/internal/gitfilter/filter_process.go:246.2,246.34 1 1
github.com/calypr/git-drs/internal/gitfilter/filter_process.go:255.58,257.16 2 2
github.com/calypr/git-drs/internal/gitfilter/filter_process.go:257.16,259.3 1 1
github.com/calypr/git-drs/internal/gitfilter/filter_process.go:261.2,262.35 2 1
github.com/calypr/git-drs/internal/gitfilter/filter_process.go:262.35,263.55 1 2
github.com/calypr/git-drs/internal/gitfilter/filter_process.go:263.55,264.17 1 2
github.com/calypr/git-drs/internal/gitfilter/filter_process.go:265.19,266.24 1 1
github.com/calypr/git-drs/internal/gitfilter/filter_process.go:267.20,268.25 1 1
github.com/calypr/git-drs/internal/gitfilter/filter_process.go:272.2,272.17 1 1
github.com/calypr/git-drs/internal/gitfilter/filter_process.go:277.51,279.2 1 1
github.com/calypr/git-drs/internal/pathspec/match.go:9.54,10.24 1 0
github.com/calypr/git-drs/internal/pathspec/match.go:10.24,12.3 1 0
github.com/calypr/git-drs/internal/pathspec/match.go:13.2,14.35 2 0
github.com/calypr/git-drs/internal/pathspec/match.go:14.35,16.20 2 0
github.com/calypr/git-drs/internal/pathspec/match.go:16.20,17.12 1 0
github.com/calypr/git-drs/internal/pathspec/match.go:19.3,19.35 1 0
github.com/calypr/git-drs/internal/pathspec/match.go:19.35,21.4 1 0
github.com/calypr/git-drs/internal/pathspec/match.go:23.2,23.14 1 0
github.com/calypr/git-drs/internal/pathspec/match.go:26.41,28.42 2 5
github.com/calypr/git-drs/internal/pathspec/match.go:28.42,30.3 1 2
github.com/calypr/git-drs/internal/pathspec/match.go:31.2,32.16 2 3
github.com/calypr/git-drs/internal/pathspec/match.go:32.16,34.3 1 0
github.com/calypr/git-drs/internal/pathspec/match.go:35.2,35.29 1 3
github.com/calypr/git-drs/internal/pathspec/match.go:38.42,41.36 3 3
github.com/calypr/git-drs/internal/pathspec/match.go:41.36,43.13 2 21
github.com/calypr/git-drs/internal/pathspec/match.go:44.12,45.49 1 3
github.com/calypr/git-drs/internal/pathspec/match.go:45.49,48.13 3 1
github.com/calypr/git-drs/internal/pathspec/match.go:50.4,50.26 1 2
github.com/calypr/git-drs/internal/pathspec/match.go:51.12,52.25 1 0
github.com/calypr/git-drs/internal/pathspec/match.go:53.68,55.19 2 2
github.com/calypr/git-drs/internal/pathspec/match.go:56.11,57.19 1 16
github.com/calypr/git-drs/internal/pathspec/match.go:60.2,61.19 2 3
github.com/calypr/git-drs/internal/version/version.go:22.22,24.2 1 1
github.com/calypr/git-drs/internal/version/version.go:27.24,35.2 1 1
github.com/calypr/git-drs/cmd/delete/main.go:29.54,33.51 2 2
github.com/calypr/git-drs/cmd/delete/main.go:33.51,35.4 1 1
github.com/calypr/git-drs/cmd/delete/main.go:37.3,40.17 3 1
github.com/calypr/git-drs/cmd/delete/main.go:40.17,42.4 1 0
github.com/calypr/git-drs/cmd/delete/main.go:44.3,45.17 2 1
github.com/calypr/git-drs/cmd/delete/main.go:45.17,47.4 1 1
github.com/calypr/git-drs/cmd/delete/main.go:49.3,50.17 2 0
github.com/calypr/git-drs/cmd/delete/main.go:50.17,53.4 2 0
github.com/calypr/git-drs/cmd/delete/main.go:56.3,57.17 2 0
github.com/calypr/git-drs/cmd/delete/main.go:57.17,59.4 1 0
github.com/calypr/git-drs/cmd/delete/main.go:60.3,60.24 1 0
github.com/calypr/git-drs/cmd/delete/main.go:60.24,62.4 1 0
github.com/calypr/git-drs/cmd/delete/main.go:65.3,65.19 1 0
github.com/calypr/git-drs/cmd/delete/main.go:65.19,73.24 8 0
github.com/calypr/git-drs/cmd/delete/main.go:73.24,75.5 1 0
github.com/calypr/git-drs/cmd/delete/main.go:76.4,84.18 3 0
github.com/calypr/git-drs/cmd/delete/main.go:84.18,86.5 1 0
github.com/calypr/git-drs/cmd/delete/main.go:90.3,91.17 2 0
github.com/calypr/git-drs/cmd/delete/main.go:91.17,93.4 1 0
github.com/calypr/git-drs/cmd/delete/main.go:95.3,96.13 2 0
github.com/calypr/git-drs/cmd/delete/main.go:100.13,103.2 2 1
github.com/calypr/git-drs/cmd/push/main.go:22.68,25.2 2 0
github.com/calypr/git-drs/cmd/push/main.go:34.54,35.20 1 3
github.com/calypr/git-drs/cmd/push/main.go:35.20,38.4 2 1
github.com/calypr/git-drs/cmd/push/main.go:39.3,39.13 1 2
github.com/calypr/git-drs/cmd/push/main.go:41.54,47.17 6 2
github.com/calypr/git-drs/cmd/push/main.go:47.17,51.4 3 0
github.com/calypr/git-drs/cmd/push/main.go:52.3,55.20 3 2
github.com/calypr/git-drs/cmd/push/main.go:55.20,57.4 1 0
github.com/calypr/git-drs/cmd/push/main.go:57.9,59.18 2 2
github.com/calypr/git-drs/cmd/push/main.go:59.18,62.5 2 2
github.com/calypr/git-drs/cmd/push/main.go:65.3,67.17 3 0
github.com/calypr/git-drs/cmd/push/main.go:67.17,71.4 3 0
github.com/calypr/git-drs/cmd/push/main.go:72.3,75.17 4 0
github.com/calypr/git-drs/cmd/push/main.go:75.17,78.4 2 0
github.com/calypr/git-drs/cmd/push/main.go:79.3,81.17 3 0
github.com/calypr/git-drs/cmd/push/main.go:81.17,84.4 2 0
github.com/calypr/git-drs/cmd/push/main.go:85.3,87.17 3 0
github.com/calypr/git-drs/cmd/push/main.go:87.17,90.4 2 0
github.com/calypr/git-drs/cmd/push/main.go:91.3,94.100 3 0
github.com/calypr/git-drs/cmd/push/main.go:94.100,97.4 2 0
github.com/calypr/git-drs/cmd/push/main.go:98.3,100.87 3 0
github.com/calypr/git-drs/cmd/push/main.go:100.87,104.4 3 0
github.com/calypr/git-drs/cmd/push/main.go:105.3,107.10 3 0
github.com/calypr/git-drs/cmd/push/main.go:108.27,109.85 1 0
github.com/calypr/git-drs/cmd/push/main.go:110.31,111.113 1 0
github.com/calypr/git-drs/cmd/push/main.go:114.3,115.21 2 0
github.com/calypr/git-drs/cmd/push/main.go:115.21,117.4 1 0
github.com/calypr/git-drs/cmd/push/main.go:118.3,121.17 4 0
github.com/calypr/git-drs/cmd/push/main.go:121.17,124.17 3 0
github.com/calypr/git-drs/cmd/push/main.go:124.17,126.5 1 0
github.com/calypr/git-drs/cmd/push/main.go:127.4,127.71 1 0
github.com/calypr/git-drs/cmd/push/main.go:129.3,130.13 2 0
github.com/calypr/git-drs/cmd/push/main.go:134.13,137.2 2 1
github.com/calypr/git-drs/cmd/push/main.go:139.82,141.16 2 2
github.com/calypr/git-drs/cmd/push/main.go:141.16,143.3 1 0
github.com/calypr/git-drs/cmd/push/main.go:144.2,145.16 2 2
github.com/calypr/git-drs/cmd/push/main.go:145.16,147.3 1 1
github.com/calypr/git-drs/cmd/push/main.go:148.2,151.9 1 1
github.com/calypr/git-drs/cmd/push/main.go:154.95,157.16 3 2
github.com/calypr/git-drs/cmd/push/main.go:157.16,159.3 1 0
github.com/calypr/git-drs/cmd/push/main.go:160.2,162.16 3 2
github.com/calypr/git-drs/cmd/push/main.go:162.16,164.3 1 0
github.com/calypr/git-drs/cmd/push/main.go:164.8,166.29 2 2
github.com/calypr/git-drs/cmd/push/main.go:166.29,168.4 1 1
github.com/calypr/git-drs/cmd/push/main.go:168.9,170.4 1 1
github.com/calypr/git-drs/cmd/push/main.go:172.2,175.9 1 2
github.com/calypr/git-drs/cmd/push/main.go:178.90,181.16 3 0
github.com/calypr/git-drs/cmd/push/main.go:181.16,183.3 1 0
github.com/calypr/git-drs/cmd/push/main.go:184.2,186.29 3 0
github.com/calypr/git-drs/cmd/push/main.go:186.29,188.54 2 0
github.com/calypr/git-drs/cmd/push/main.go:188.54,190.4 1 0
github.com/calypr/git-drs/cmd/push/main.go:192.2,192.20 1 0
github.com/calypr/git-drs/cmd/push/main.go:192.20,194.3 1 0
github.com/calypr/git-drs/cmd/push/main.go:195.2,198.16 4 0
github.com/calypr/git-drs/cmd/push/main.go:198.16,200.3 1 0
github.com/calypr/git-drs/cmd/push/main.go:201.2,201.49 1 0
github.com/calypr/git-drs/cmd/push/main.go:204.92,207.27 3 2
github.com/calypr/git-drs/cmd/push/main.go:207.27,210.40 3 2
github.com/calypr/git-drs/cmd/push/main.go:210.40,211.12 1 0
github.com/calypr/git-drs/cmd/push/main.go:213.3,214.40 2 2
github.com/calypr/git-drs/cmd/push/main.go:214.40,216.4 1 1
github.com/calypr/git-drs/cmd/push/main.go:216.9,218.4 1 1
github.com/calypr/git-drs/cmd/push/main.go:219.3,220.17 2 2
github.com/calypr/git-drs/cmd/push/main.go:220.17,222.4 1 0
github.com/calypr/git-drs/cmd/push/main.go:223.3,223.68 1 2
github.com/calypr/git-drs/cmd/push/main.go:223.68,225.18 2 4
github.com/calypr/git-drs/cmd/push/main.go:225.18,226.13 1 0
github.com/calypr/git-drs/cmd/push/main.go:228.4,228.26 1 4
github.com/calypr/git-drs/cmd/push/main.go:231.2,232.24 2 2
github.com/calypr/git-drs/cmd/push/main.go:232.24,234.3 1 4
github.com/calypr/git-drs/cmd/push/main.go:235.2,236.19 2 2
github.com/calypr/git-drs/cmd/push/main.go:239.69,242.16 3 0
github.com/calypr/git-drs/cmd/push/main.go:242.16,244.3 1 0
github.com/calypr/git-drs/cmd/push/main.go:245.2,245.44 1 0
github.com/calypr/git-drs/cmd/push/progress.go:37.71,42.2 1 6
github.com/calypr/git-drs/cmd/push/progress.go:44.59,46.26 2 20
github.com/calypr/git-drs/cmd/push/progress.go:46.26,48.3 1 3
github.com/calypr/git-drs/cmd/push/progress.go:49.2,49.36 1 20
github.com/calypr/git-drs/cmd/push/progress.go:49.36,51.18 2 28
github.com/calypr/git-drs/cmd/push/progress.go:51.18,52.12 1 0
github.com/calypr/git-drs/cmd/push/progress.go:54.3,54.67 1 28
github.com/calypr/git-drs/cmd/push/progress.go:56.2,56.29 1 20
github.com/calypr/git-drs/cmd/push/progress.go:59.84,68.27 4 1
github.com/calypr/git-drs/cmd/push/progress.go:68.27,70.3 1 1
github.com/calypr/git-drs/cmd/push/progress.go:73.88,77.18 3 2
github.com/calypr/git-drs/cmd/push/progress.go:77.18,79.3 1 2
github.com/calypr/git-drs/cmd/push/progress.go:80.2,80.41 1 2
github.com/calypr/git-drs/cmd/push/progress.go:80.41,82.3 1 1
github.com/calypr/git-drs/cmd/push/progress.go:83.2,83.54 1 2
github.com/calypr/git-drs/cmd/push/progress.go:83.54,85.3 1 1
github.com/calypr/git-drs/cmd/push/progress.go:86.2,86.52 1 2
github.com/calypr/git-drs/cmd/push/progress.go:86.52,89.27 3 1
github.com/calypr/git-drs/cmd/push/progress.go:89.27,91.4 1 1
github.com/calypr/git-drs/cmd/push/progress.go:93.2,93.26 1 2
github.com/calypr/git-drs/cmd/push/progress.go:93.26,95.3 1 2
github.com/calypr/git-drs/cmd/push/progress.go:98.80,106.34 7 5
github.com/calypr/git-drs/cmd/push/progress.go:106.34,112.3 2 7
github.com/calypr/git-drs/cmd/push/progress.go:113.2,113.15 1 5
github.com/calypr/git-drs/cmd/push/progress.go:113.15,115.3 1 5
github.com/calypr/git-drs/cmd/push/progress.go:118.84,122.16 3 12
github.com/calypr/git-drs/cmd/push/progress.go:122.16,124.3 1 0
github.com/calypr/git-drs/cmd/push/progress.go:125.2,126.9 2 12
github.com/calypr/git-drs/cmd/push/progress.go:126.9,128.3 1 0
github.com/calypr/git-drs/cmd/push/progress.go:129.2,129.19 1 12
github.com/calypr/git-drs/cmd/push/progress.go:129.19,131.3 1 12
github.com/calypr/git-drs/cmd/push/progress.go:132.2,132.23 1 12
github.com/calypr/git-drs/cmd/push/progress.go:132.23,134.3 1 12
github.com/calypr/git-drs/cmd/push/progress.go:135.2,135.34 1 12
github.com/calypr/git-drs/cmd/push/progress.go:135.34,137.3 1 8
github.com/calypr/git-drs/cmd/push/progress.go:138.2,138.50 1 12
github.com/calypr/git-drs/cmd/push/progress.go:138.50,140.3 1 7
github.com/calypr/git-drs/cmd/push/progress.go:141.2,141.69 1 12
github.com/calypr/git-drs/cmd/push/progress.go:141.69,144.21 3 5
github.com/calypr/git-drs/cmd/push/progress.go:144.21,146.4 1 5
github.com/calypr/git-drs/cmd/push/progress.go:148.2,148.23 1 12
github.com/calypr/git-drs/cmd/push/progress.go:151.43,155.41 3 4
github.com/calypr/git-drs/cmd/push/progress.go:155.41,157.3 1 0
github.com/calypr/git-drs/cmd/push/progress.go:158.2,159.26 2 4
github.com/calypr/git-drs/cmd/push/progress.go:159.26,161.3 1 1
github.com/calypr/git-drs/cmd/push/progress.go:162.2,162.36 1 4
github.com/calypr/git-drs/cmd/push/progress.go:162.36,164.18 2 5
github.com/calypr/git-drs/cmd/push/progress.go:164.18,165.12 1 0
github.com/calypr/git-drs/cmd/push/progress.go:167.3,167.67 1 5
github.com/calypr/git-drs/cmd/push/progress.go:169.2,171.33 3 4
github.com/calypr/git-drs/cmd/push/progress.go:174.52,178.2 3 3
github.com/calypr/git-drs/cmd/push/progress.go:180.98,182.36 2 33
github.com/calypr/git-drs/cmd/push/progress.go:182.36,184.3 1 33
github.com/calypr/git-drs/cmd/push/progress.go:185.2,186.17 2 33
github.com/calypr/git-drs/cmd/push/progress.go:186.17,187.10 1 33
github.com/calypr/git-drs/cmd/push/progress.go:188.40,189.35 1 5
github.com/calypr/git-drs/cmd/push/progress.go:193.2,196.17 4 33
github.com/calypr/git-drs/cmd/push/progress.go:196.17,200.3 3 33
github.com/calypr/git-drs/cmd/push/progress.go:201.2,208.74 7 33
github.com/calypr/git-drs/cmd/push/progress.go:211.62,214.19 3 4
github.com/calypr/git-drs/cmd/push/progress.go:214.19,216.3 1 0
github.com/calypr/git-drs/cmd/push/progress.go:217.2,217.36 1 4
github.com/calypr/git-drs/cmd/push/progress.go:217.36,219.3 1 0
github.com/calypr/git-drs/cmd/push/progress.go:220.2,221.43 2 4
github.com/calypr/git-drs/cmd/push/progress.go:221.43,223.3 1 2
github.com/calypr/git-drs/cmd/push/progress.go:224.2,226.94 3 4
github.com/calypr/git-drs/cmd/rm/main.go:15.58,18.2 2 1
github.com/calypr/git-drs/cmd/rm/main.go:24.54,26.3 1 0
github.com/calypr/git-drs/cmd/rm/main.go:29.52,31.16 2 1
github.com/calypr/git-drs/cmd/rm/main.go:31.16,33.3 1 0
github.com/calypr/git-drs/cmd/rm/main.go:35.2,40.27 3 1
github.com/calypr/git-drs/cmd/rm/main.go:40.27,43.47 3 1
github.com/calypr/git-drs/cmd/rm/main.go:43.47,45.4 1 0
github.com/calypr/git-drs/cmd/rm/main.go:46.3,46.126 1 1
github.com/calypr/git-drs/cmd/rm/main.go:49.2,50.31 2 1
github.com/calypr/git-drs/cmd/rm/main.go:50.31,52.3 1 1
github.com/calypr/git-drs/cmd/rm/main.go:53.2,53.54 1 1
github.com/calypr/git-drs/cmd/rm/main.go:53.54,55.3 1 0
github.com/calypr/git-drs/cmd/rm/main.go:57.2,57.12 1 1
github.com/calypr/git-drs/cmd/remote/add/bucket_lookup.go:12.129,14.16 2 7
github.com/calypr/git-drs/cmd/remote/add/bucket_lookup.go:14.16,16.3 1 0
github.com/calypr/git-drs/cmd/remote/add/bucket_lookup.go:17.2,18.16 2 7
github.com/calypr/git-drs/cmd/remote/add/bucket_lookup.go:18.16,20.3 1 0
github.com/calypr/git-drs/cmd/remote/add/bucket_lookup.go:22.2,22.111 1 7
github.com/calypr/git-drs/cmd/remote/add/bucket_lookup.go:22.111,24.3 1 5
github.com/calypr/git-drs/cmd/remote/add/bucket_lookup.go:25.2,25.107 1 2
github.com/calypr/git-drs/cmd/remote/add/bucket_lookup.go:25.107,27.3 1 1
github.com/calypr/git-drs/cmd/remote/add/bucket_lookup.go:29.2,29.109 1 1
github.com/calypr/git-drs/cmd/remote/add/bucket_lookup.go:32.111,34.23 2 9
github.com/calypr/git-drs/cmd/remote/add/bucket_lookup.go:34.23,36.3 1 3
github.com/calypr/git-drs/cmd/remote/add/bucket_lookup.go:38.2,39.27 2 6
github.com/calypr/git-drs/cmd/remote/add/bucket_lookup.go:39.27,40.34 1 1
github.com/calypr/git-drs/cmd/remote/add/bucket_lookup.go:40.34,41.50 1 2
github.com/calypr/git-drs/cmd/remote/add/bucket_lookup.go:41.50,43.5 1 1
github.com/calypr/git-drs/cmd/remote/add/bucket_lookup.go:45.3,45.148 1 0
github.com/calypr/git-drs/cmd/remote/add/bucket_lookup.go:48.2,48.23 1 5
github.com/calypr/git-drs/cmd/remote/add/bucket_lookup.go:48.23,50.3 1 4
github.com/calypr/git-drs/cmd/remote/add/bucket_lookup.go:51.2,51.151 1 1
github.com/calypr/git-drs/cmd/remote/add/bucket_lookup.go:54.89,56.20 2 9
github.com/calypr/git-drs/cmd/remote/add/bucket_lookup.go:56.20,58.3 1 0
github.com/calypr/git-drs/cmd/remote/add/bucket_lookup.go:60.2,61.46 2 9
github.com/calypr/git-drs/cmd/remote/add/bucket_lookup.go:61.46,62.27 1 11
github.com/calypr/git-drs/cmd/remote/add/bucket_lookup.go:62.27,63.12 1 2
github.com/calypr/git-drs/cmd/remote/add/bucket_lookup.go:65.3,65.44 1 9
github.com/calypr/git-drs/cmd/remote/add/bucket_lookup.go:65.44,66.66 1 9
github.com/calypr/git-drs/cmd/remote/add/bucket_lookup.go:66.66,68.10 2 8
github.com/calypr/git-drs/cmd/remote/add/bucket_lookup.go:72.2,73.32 2 9
github.com/calypr/git-drs/cmd/remote/add/gen3.go:25.54,26.37 1 0
github.com/calypr/git-drs/cmd/remote/add/gen3.go:26.37,29.4 2 0
github.com/calypr/git-drs/cmd/remote/add/gen3.go:30.3,30.13 1 0
github.com/calypr/git-drs/cmd/remote/add/gen3.go:32.54,37.21 4 0
github.com/calypr/git-drs/cmd/remote/add/gen3.go:37.21,39.4 1 0
github.com/calypr/git-drs/cmd/remote/add/gen3.go:39.9,42.4 2 0
github.com/calypr/git-drs/cmd/remote/add/gen3.go:44.3,45.17 2 0
github.com/calypr/git-drs/cmd/remote/add/gen3.go:45.17,47.4 1 0
github.com/calypr/git-drs/cmd/remote/add/gen3.go:48.3,48.19 1 0
github.com/calypr/git-drs/cmd/remote/add/gen3.go:48.19,49.100 1 0
github.com/calypr/git-drs/cmd/remote/add/gen3.go:49.100,51.5 1 0
github.com/calypr/git-drs/cmd/remote/add/gen3.go:53.3,53.13 1 0
github.com/calypr/git-drs/cmd/remote/add/gen3.go:57.91,58.22 1 0
github.com/calypr/git-drs/cmd/remote/add/gen3.go:58.22,60.3 1 0
github.com/calypr/git-drs/cmd/remote/add/gen3.go:61.2,61.59 1 0
github.com/calypr/git-drs/cmd/remote/add/gen3.go:61.59,63.3 1 0
github.com/calypr/git-drs/cmd/remote/add/gen3.go:64.2,65.16 2 0
github.com/calypr/git-drs/cmd/remote/add/gen3.go:65.16,67.3 1 0
github.com/calypr/git-drs/cmd/remote/add/gen3.go:69.2,71.9 3 0
github.com/calypr/git-drs/cmd/remote/add/gen3.go:72.24,76.17 4 0
github.com/calypr/git-drs/cmd/remote/add/gen3.go:76.17,78.4 1 0
github.com/calypr/git-drs/cmd/remote/add/gen3.go:80.22,82.17 2 0
github.com/calypr/git-drs/cmd/remote/add/gen3.go:82.17,84.4 1 0
github.com/calypr/git-drs/cmd/remote/add/gen3.go:85.3,90.17 5 0
github.com/calypr/git-drs/cmd/remote/add/gen3.go:90.17,92.4 1 0
github.com/calypr/git-drs/cmd/remote/add/gen3.go:94.10,96.17 2 0
github.com/calypr/git-drs/cmd/remote/add/gen3.go:96.17,98.4 1 0
github.com/calypr/git-drs/cmd/remote/add/gen3.go:98.9,103.4 4 0
github.com/calypr/git-drs/cmd/remote/add/gen3.go:106.2,106.23 1 0
github.com/calypr/git-drs/cmd/remote/add/gen3.go:106.23,108.3 1 0
github.com/calypr/git-drs/cmd/remote/add/gen3.go:110.2,122.75 4 0
github.com/calypr/git-drs/cmd/remote/add/gen3.go:122.75,124.3 1 0
github.com/calypr/git-drs/cmd/remote/add/gen3.go:126.2,127.16 2 0
github.com/calypr/git-drs/cmd/remote/add/gen3.go:127.16,129.17 2 0
github.com/calypr/git-drs/cmd/remote/add/gen3.go:129.17,131.4 1 0
github.com/calypr/git-drs/cmd/remote/add/gen3.go:133.2,135.26 3 0
github.com/calypr/git-drs/cmd/remote/add/gen3.go:135.26,137.3 1 0
github.com/calypr/git-drs/cmd/remote/add/gen3.go:139.2,150.67 3 0
github.com/calypr/git-drs/cmd/remote/add/gen3.go:150.67,152.3 1 0
github.com/calypr/git-drs/cmd/remote/add/gen3.go:153.2,155.45 2 0
github.com/calypr/git-drs/cmd/remote/add/gen3.go:155.45,157.3 1 0
github.com/calypr/git-drs/cmd/remote/add/gen3.go:159.2,159.67 1 0
github.com/calypr/git-drs/cmd/remote/add/gen3.go:159.67,161.3 1 0
github.com/calypr/git-drs/cmd/remote/add/gen3.go:162.2,162.73 1 0
github.com/calypr/git-drs/cmd/remote/add/gen3.go:162.73,164.3 1 0
github.com/calypr/git-drs/cmd/remote/add/gen3.go:166.2,167.12 2 0
github.com/calypr/git-drs/cmd/remote/add/gen3.go:170.56,172.15 2 6
github.com/calypr/git-drs/cmd/remote/add/gen3.go:172.15,174.3 1 0
github.com/calypr/git-drs/cmd/remote/add/gen3.go:176.2,177.21 2 6
github.com/calypr/git-drs/cmd/remote/add/gen3.go:177.21,179.3 1 2
github.com/calypr/git-drs/cmd/remote/add/gen3.go:180.2,182.41 3 4
github.com/calypr/git-drs/cmd/remote/add/gen3.go:182.41,184.3 1 2
github.com/calypr/git-drs/cmd/remote/add/gen3.go:185.2,185.35 1 2
github.com/calypr/git-drs/cmd/remote/add/gen3.go:188.157,189.39 1 5
github.com/calypr/git-drs/cmd/remote/add/gen3.go:189.39,191.3 1 0
github.com/calypr/git-drs/cmd/remote/add/gen3.go:192.2,192.36 1 5
github.com/calypr/git-drs/cmd/remote/add/gen3.go:192.36,194.3 1 0
github.com/calypr/git-drs/cmd/remote/add/gen3.go:196.2,197.16 2 5
github.com/calypr/git-drs/cmd/remote/add/gen3.go:197.16,199.3 1 0
github.com/calypr/git-drs/cmd/remote/add/gen3.go:200.2,203.16 3 5
github.com/calypr/git-drs/cmd/remote/add/gen3.go:203.16,205.3 1 0
github.com/calypr/git-drs/cmd/remote/add/gen3.go:206.2,207.38 2 5
github.com/calypr/git-drs/cmd/remote/add/gen3.go:207.38,209.3 1 0
github.com/calypr/git-drs/cmd/remote/add/gen3.go:211.2,212.68 2 5
github.com/calypr/git-drs/cmd/remote/add/gen3.go:212.68,214.3 1 0
github.com/calypr/git-drs/cmd/remote/add/gen3.go:216.2,217.16 2 5
github.com/calypr/git-drs/cmd/remote/add/gen3.go:217.16,219.3 1 2
github.com/calypr/git-drs/cmd/remote/add/gen3.go:220.2,220.57 1 3
github.com/calypr/git-drs/cmd/remote/add/init.go:20.13,32.2 10 1
github.com/calypr/git-drs/cmd/remote/add/local.go:23.54,28.74 4 1
github.com/calypr/git-drs/cmd/remote/add/local.go:28.74,30.4 1 0
github.com/calypr/git-drs/cmd/remote/add/local.go:31.3,31.16 1 1
github.com/calypr/git-drs/cmd/remote/add/local.go:31.16,33.4 1 0
github.com/calypr/git-drs/cmd/remote/add/local.go:34.3,35.17 2 1
github.com/calypr/git-drs/cmd/remote/add/local.go:35.17,37.4 1 0
github.com/calypr/git-drs/cmd/remote/add/local.go:38.3,39.17 2 1
github.com/calypr/git-drs/cmd/remote/add/local.go:39.17,41.18 2 1
github.com/calypr/git-drs/cmd/remote/add/local.go:41.18,43.5 1 0
github.com/calypr/git-drs/cmd/remote/add/local.go:45.3,47.27 3 1
github.com/calypr/git-drs/cmd/remote/add/local.go:47.27,49.4 1 0
github.com/calypr/git-drs/cmd/remote/add/local.go:51.3,62.17 3 1
github.com/calypr/git-drs/cmd/remote/add/local.go:62.17,64.4 1 0
github.com/calypr/git-drs/cmd/remote/add/local.go:65.3,65.66 1 1
github.com/calypr/git-drs/cmd/remote/add/local.go:65.66,67.4 1 0
github.com/calypr/git-drs/cmd/remote/add/local.go:68.3,68.68 1 1
github.com/calypr/git-drs/cmd/remote/add/local.go:68.68,70.4 1 0
github.com/calypr/git-drs/cmd/remote/add/local.go:71.3,71.87 1 1
github.com/calypr/git-drs/cmd/remote/add/local.go:71.87,72.88 1 0
github.com/calypr/git-drs/cmd/remote/add/local.go:72.88,74.5 1 0
github.com/calypr/git-drs/cmd/remote/add/local.go:75.4,75.133 1 0
github.com/calypr/git-drs/cmd/remote/add/local.go:75.133,77.5 1 0
github.com/calypr/git-drs/cmd/remote/add/local.go:80.3,81.19 2 1
github.com/calypr/git-drs/cmd/remote/add/local.go:81.19,82.100 1 0
github.com/calypr/git-drs/cmd/remote/add/local.go:82.100,84.5 1 0
github.com/calypr/git-drs/cmd/remote/add/local.go:86.3,86.13 1 1
github.com/calypr/git-drs/cmd/remote/add/local.go:90.175,91.39 1 2
github.com/calypr/git-drs/cmd/remote/add/local.go:91.39,93.3 1 0
github.com/calypr/git-drs/cmd/remote/add/local.go:95.2,96.16 2 2
github.com/calypr/git-drs/cmd/remote/add/local.go:96.16,98.3 1 0
github.com/calypr/git-drs/cmd/remote/add/local.go:99.2,99.38 1 2
github.com/calypr/git-drs/cmd/remote/add/local.go:99.38,101.3 1 1
github.com/calypr/git-drs/cmd/remote/add/local.go:103.2,104.16 2 2
github.com/calypr/git-drs/cmd/remote/add/local.go:104.16,106.3 1 0
github.com/calypr/git-drs/cmd/remote/add/local.go:107.2,108.38 2 2
github.com/calypr/git-drs/cmd/remote/add/local.go:108.38,110.3 1 0
github.com/calypr/git-drs/cmd/remote/add/local.go:112.2,113.68 2 2
github.com/calypr/git-drs/cmd/remote/add/local.go:113.68,115.3 1 0
github.com/calypr/git-drs/cmd/remote/add/local.go:117.2,118.16 2 2
github.com/calypr/git-drs/cmd/remote/add/local.go:118.16,120.3 1 0
github.com/calypr/git-drs/cmd/remote/add/local.go:121.2,121.57 1 2
github.com/calypr/git-drs/cmd/precommit/main.go:88.54,90.3 1 0
github.com/calypr/git-drs/cmd/precommit/main.go:93.13,95.33 2 0
github.com/calypr/git-drs/cmd/precommit/main.go:95.33,100.3 2 0
github.com/calypr/git-drs/cmd/precommit/main.go:103.37,105.16 2 1
github.com/calypr/git-drs/cmd/precommit/main.go:105.16,107.3 1 0
github.com/calypr/git-drs/cmd/precommit/main.go:109.2,114.53 5 1
github.com/calypr/git-drs/cmd/precommit/main.go:114.53,116.3 1 0
github.com/calypr/git-drs/cmd/precommit/main.go:117.2,117.52 1 1
github.com/calypr/git-drs/cmd/precommit/main.go:117.52,119.3 1 0
github.com/calypr/git-drs/cmd/precommit/main.go:120.2,123.16 3 1
github.com/calypr/git-drs/cmd/precommit/main.go:123.16,125.3 1 0
github.com/calypr/git-drs/cmd/precommit/main.go:126.2,126.23 1 1
github.com/calypr/git-drs/cmd/precommit/main.go:126.23,128.3 1 0
github.com/calypr/git-drs/cmd/precommit/main.go:129.2,130.16 2 1
github.com/calypr/git-drs/cmd/precommit/main.go:130.16,132.3 1 0
github.com/calypr/git-drs/cmd/precommit/main.go:133.2,133.24 1 1
github.com/calypr/git-drs/cmd/precommit/main.go:133.24,135.17 2 1
github.com/calypr/git-drs/cmd/precommit/main.go:135.17,137.4 1 0
github.com/calypr/git-drs/cmd/precommit/main.go:138.3,138.15 1 1
github.com/calypr/git-drs/cmd/precommit/main.go:138.15,140.4 1 1
github.com/calypr/git-drs/cmd/precommit/main.go:143.2,147.29 2 0
github.com/calypr/git-drs/cmd/precommit/main.go:147.29,148.28 1 0
github.com/calypr/git-drs/cmd/precommit/main.go:148.28,149.12 1 0
github.com/calypr/git-drs/cmd/precommit/main.go:154.3,155.17 2 0
github.com/calypr/git-drs/cmd/precommit/main.go:155.17,157.12 1 0
github.com/calypr/git-drs/cmd/precommit/main.go:160.3,163.15 3 0
github.com/calypr/git-drs/cmd/precommit/main.go:163.15,165.106 1 0
github.com/calypr/git-drs/cmd/precommit/main.go:165.106,167.5 1 0
github.com/calypr/git-drs/cmd/precommit/main.go:170.4,174.19 1 0
github.com/calypr/git-drs/cmd/precommit/main.go:174.19,176.5 1 0
github.com/calypr/git-drs/cmd/precommit/main.go:179.4,179.99 1 0
github.com/calypr/git-drs/cmd/precommit/main.go:179.99,181.5 1 0
github.com/calypr/git-drs/cmd/precommit/main.go:182.9,185.4 1 0
github.com/calypr/git-drs/cmd/precommit/main.go:189.2,189.29 1 0
github.com/calypr/git-drs/cmd/precommit/main.go:189.29,190.18 1 0
github.com/calypr/git-drs/cmd/precommit/main.go:191.28,192.80 1 0
github.com/calypr/git-drs/cmd/precommit/main.go:192.80,194.5 1 0
github.com/calypr/git-drs/cmd/precommit/main.go:195.19,197.80 1 0
github.com/calypr/git-drs/cmd/precommit/main.go:197.80,199.5 1 0
github.com/calypr/git-drs/cmd/precommit/main.go:202.19,203.90 1 0
github.com/calypr/git-drs/cmd/precommit/main.go:203.90,205.5 1 0
github.com/calypr/git-drs/cmd/precommit/main.go:209.2,209.12 1 0
github.com/calypr/git-drs/cmd/precommit/main.go:212.83,214.16 2 2
github.com/calypr/git-drs/cmd/precommit/main.go:214.16,217.3 1 0
github.com/calypr/git-drs/cmd/precommit/main.go:218.2,218.12 1 2
github.com/calypr/git-drs/cmd/precommit/main.go:218.12,221.3 1 1
github.com/calypr/git-drs/cmd/precommit/main.go:223.2,228.49 4 1
github.com/calypr/git-drs/cmd/precommit/main.go:228.49,230.43 2 0
github.com/calypr/git-drs/cmd/precommit/main.go:230.43,232.4 1 0
github.com/calypr/git-drs/cmd/precommit/main.go:236.2,240.17 1 1
github.com/calypr/git-drs/cmd/precommit/main.go:240.17,242.3 1 0
github.com/calypr/git-drs/cmd/precommit/main.go:245.2,246.89 2 1
github.com/calypr/git-drs/cmd/precommit/main.go:246.89,248.3 1 0
github.com/calypr/git-drs/cmd/precommit/main.go:251.2,251.20 1 1
github.com/calypr/git-drs/cmd/precommit/main.go:251.20,253.3 1 0
github.com/calypr/git-drs/cmd/precommit/main.go:255.2,255.12 1 1
github.com/calypr/git-drs/cmd/precommit/main.go:258.93,262.16 3 0
github.com/calypr/git-drs/cmd/precommit/main.go:262.16,265.3 1 0
github.com/calypr/git-drs/cmd/precommit/main.go:266.2,267.47 2 0
github.com/calypr/git-drs/cmd/precommit/main.go:267.47,271.3 2 0
github.com/calypr/git-drs/cmd/precommit/main.go:273.2,276.21 2 0
github.com/calypr/git-drs/cmd/precommit/main.go:276.21,278.3 1 0
github.com/calypr/git-drs/cmd/precommit/main.go:281.2,287.12 3 0
github.com/calypr/git-drs/cmd/precommit/main.go:297.59,299.16 2 2
github.com/calypr/git-drs/cmd/precommit/main.go:299.16,301.3 1 0
github.com/calypr/git-drs/cmd/precommit/main.go:302.2,304.16 3 2
github.com/calypr/git-drs/cmd/precommit/main.go:304.16,306.36 2 3
github.com/calypr/git-drs/cmd/precommit/main.go:306.36,307.12 1 0
github.com/calypr/git-drs/cmd/precommit/main.go:309.3,310.21 2 3
github.com/calypr/git-drs/cmd/precommit/main.go:310.21,311.12 1 0
github.com/calypr/git-drs/cmd/precommit/main.go:313.3,314.10 2 3
github.com/calypr/git-drs/cmd/precommit/main.go:315.22,316.87 1 3
github.com/calypr/git-drs/cmd/precommit/main.go:317.22,318.90 1 0
github.com/calypr/git-drs/cmd/precommit/main.go:319.22,320.90 1 0
github.com/calypr/git-drs/cmd/precommit/main.go:321.58,322.109 1 0
github.com/calypr/git-drs/cmd/precommit/main.go:323.11,323.11 0 0
github.com/calypr/git-drs/cmd/precommit/main.go:327.2,327.33 1 2
github.com/calypr/git-drs/cmd/precommit/main.go:327.33,329.3 1 0
github.com/calypr/git-drs/cmd/precommit/main.go:330.2,330.21 1 2
github.com/calypr/git-drs/cmd/precommit/main.go:335.75,337.16 2 5
github.com/calypr/git-drs/cmd/precommit/main.go:337.16,340.3 1 0
github.com/calypr/git-drs/cmd/precommit/main.go:344.2,348.16 4 5
github.com/calypr/git-drs/cmd/precommit/main.go:348.16,350.26 2 7
github.com/calypr/git-drs/cmd/precommit/main.go:350.26,352.12 2 2
github.com/calypr/git-drs/cmd/precommit/main.go:354.3,354.45 1 5
github.com/calypr/git-drs/cmd/precommit/main.go:354.45,357.17 3 2
github.com/calypr/git-drs/cmd/precommit/main.go:357.17,359.5 1 2
github.com/calypr/git-drs/cmd/precommit/main.go:363.3,363.27 1 5
github.com/calypr/git-drs/cmd/precommit/main.go:363.27,364.9 1 2
github.com/calypr/git-drs/cmd/precommit/main.go:367.2,367.33 1 5
github.com/calypr/git-drs/cmd/precommit/main.go:367.33,369.3 1 0
github.com/calypr/git-drs/cmd/precommit/main.go:371.2,371.26 1 5
github.com/calypr/git-drs/cmd/precommit/main.go:371.26,373.3 1 2
github.com/calypr/git-drs/cmd/precommit/main.go:374.2,374.23 1 3
github.com/calypr/git-drs/cmd/precommit/main.go:377.70,379.16 2 2
github.com/calypr/git-drs/cmd/precommit/main.go:379.16,381.3 1 0
github.com/calypr/git-drs/cmd/precommit/main.go:382.2,383.16 2 2
github.com/calypr/git-drs/cmd/precommit/main.go:383.16,385.3 1 0
github.com/calypr/git-drs/cmd/precommit/main.go:386.2,386.18 1 2
github.com/calypr/git-drs/cmd/precommit/main.go:389.134,390.25 1 2
github.com/calypr/git-drs/cmd/precommit/main.go:390.25,392.3 1 0
github.com/calypr/git-drs/cmd/precommit/main.go:393.2,395.29 3 2
github.com/calypr/git-drs/cmd/precommit/main.go:395.29,396.75 1 3
github.com/calypr/git-drs/cmd/precommit/main.go:396.75,397.12 1 0
github.com/calypr/git-drs/cmd/precommit/main.go:399.3,400.17 2 3
github.com/calypr/git-drs/cmd/precommit/main.go:400.17,401.12 1 0
github.com/calypr/git-drs/cmd/precommit/main.go:403.3,403.30 1 3
github.com/calypr/git-drs/cmd/precommit/main.go:403.30,404.12 1 0
github.com/calypr/git-drs/cmd/precommit/main.go:406.3,409.17 3 3
github.com/calypr/git-drs/cmd/precommit/main.go:409.17,410.12 1 0
github.com/calypr/git-drs/cmd/precommit/main.go:412.3,412.12 1 3
github.com/calypr/git-drs/cmd/precommit/main.go:412.12,413.12 1 1
github.com/calypr/git-drs/cmd/precommit/main.go:416.3,417.17 2 2
github.com/calypr/git-drs/cmd/precommit/main.go:417.17,419.4 1 0
github.com/calypr/git-drs/cmd/precommit/main.go:420.3,420.29 1 2
github.com/calypr/git-drs/cmd/precommit/main.go:420.29,421.12 1 0
github.com/calypr/git-drs/cmd/precommit/main.go:423.3,423.77 1 2
github.com/calypr/git-drs/cmd/precommit/main.go:425.2,425.44 1 2
github.com/calypr/git-drs/cmd/precommit/main.go:425.44,425.92 1 0
github.com/calypr/git-drs/cmd/precommit/main.go:426.2,426.23 1 2
github.com/calypr/git-drs/cmd/precommit/main.go:429.80,430.21 1 0
github.com/calypr/git-drs/cmd/precommit/main.go:430.21,432.3 1 0
github.com/calypr/git-drs/cmd/precommit/main.go:434.2,435.26 2 0
github.com/calypr/git-drs/cmd/precommit/main.go:435.26,437.3 1 0
github.com/calypr/git-drs/cmd/precommit/main.go:438.2,443.43 5 0
github.com/calypr/git-drs/cmd/precommit/main.go:443.43,445.3 1 0
github.com/calypr/git-drs/cmd/precommit/main.go:446.2,447.46 2 0
github.com/calypr/git-drs/cmd/precommit/main.go:450.33,452.14 2 0
github.com/calypr/git-drs/cmd/precommit/main.go:452.14,454.3 1 0
github.com/calypr/git-drs/cmd/precommit/main.go:455.2,456.42 2 0
github.com/calypr/git-drs/cmd/precommit/main.go:456.42,459.3 2 0
github.com/calypr/git-drs/cmd/precommit/main.go:460.2,460.73 1 0
github.com/calypr/git-drs/cmd/precommit/main.go:463.61,465.16 2 1
github.com/calypr/git-drs/cmd/precommit/main.go:465.16,467.3 1 0
github.com/calypr/git-drs/cmd/precommit/main.go:468.2,469.18 2 1
github.com/calypr/git-drs/cmd/precommit/main.go:469.18,471.3 1 0
github.com/calypr/git-drs/cmd/precommit/main.go:473.2,473.29 1 1
github.com/calypr/git-drs/cmd/precommit/main.go:473.29,475.17 2 1
github.com/calypr/git-drs/cmd/precommit/main.go:475.17,477.4 1 0
github.com/calypr/git-drs/cmd/precommit/main.go:478.3,479.39 2 1
github.com/calypr/git-drs/cmd/precommit/main.go:481.2,481.20 1 1
github.com/calypr/git-drs/cmd/precommit/main.go:484.63,490.34 6 11
github.com/calypr/git-drs/cmd/precommit/main.go:490.34,493.16 2 0
github.com/calypr/git-drs/cmd/precommit/main.go:493.16,495.4 1 0
github.com/calypr/git-drs/cmd/precommit/main.go:496.3,496.69 1 0
github.com/calypr/git-drs/cmd/precommit/main.go:498.2,498.28 1 11
github.com/calypr/git-drs/cmd/precommit/main.go:503.50,505.2 1 3
github.com/calypr/git-drs/cmd/precommit/main.go:507.37,510.2 1 3
github.com/calypr/git-drs/cmd/precommit/main.go:512.47,517.2 2 2
github.com/calypr/git-drs/cmd/precommit/main.go:525.97,533.42 3 1
github.com/calypr/git-drs/cmd/precommit/main.go:533.42,537.3 2 0
github.com/calypr/git-drs/cmd/precommit/main.go:539.2,540.32 2 1
github.com/calypr/git-drs/cmd/precommit/main.go:540.32,542.3 1 0
github.com/calypr/git-drs/cmd/precommit/main.go:544.2,544.19 1 1
github.com/calypr/git-drs/cmd/precommit/main.go:544.19,546.3 1 0
github.com/calypr/git-drs/cmd/precommit/main.go:547.2,547.19 1 1
github.com/calypr/git-drs/cmd/precommit/main.go:547.19,549.3 1 1
github.com/calypr/git-drs/cmd/precommit/main.go:551.2,555.34 4 1
github.com/calypr/git-drs/cmd/precommit/main.go:558.58,562.16 3 0
github.com/calypr/git-drs/cmd/precommit/main.go:562.16,564.3 1 0
github.com/calypr/git-drs/cmd/precommit/main.go:565.2,566.50 2 0
github.com/calypr/git-drs/cmd/precommit/main.go:566.50,568.3 1 0
github.com/calypr/git-drs/cmd/precommit/main.go:569.2,570.32 2 0
github.com/calypr/git-drs/cmd/precommit/main.go:570.32,571.16 1 0
github.com/calypr/git-drs/cmd/precommit/main.go:571.16,572.12 1 0
github.com/calypr/git-drs/cmd/precommit/main.go:574.3,574.24 1 0
github.com/calypr/git-drs/cmd/precommit/main.go:576.2,583.34 3 0
github.com/calypr/git-drs/cmd/precommit/main.go:586.49,588.19 2 1
github.com/calypr/git-drs/cmd/precommit/main.go:588.19,590.3 1 1
github.com/calypr/git-drs/cmd/precommit/main.go:591.2,592.12 2 1
github.com/calypr/git-drs/cmd/precommit/main.go:597.48,599.48 2 2
github.com/calypr/git-drs/cmd/precommit/main.go:599.48,601.3 1 0
github.com/calypr/git-drs/cmd/precommit/main.go:603.2,605.16 3 2
github.com/calypr/git-drs/cmd/precommit/main.go:605.16,607.3 1 0
github.com/calypr/git-drs/cmd/precommit/main.go:608.2,608.15 1 2
github.com/calypr/git-drs/cmd/precommit/main.go:608.15,608.32 1 2
github.com/calypr/git-drs/cmd/precommit/main.go:610.2,612.38 3 2
github.com/calypr/git-drs/cmd/precommit/main.go:612.38,615.3 2 0
github.com/calypr/git-drs/cmd/precommit/main.go:616.2,616.33 1 2
github.com/calypr/git-drs/cmd/precommit/main.go:616.33,619.3 2 0
github.com/calypr/git-drs/cmd/precommit/main.go:620.2,620.34 1 2
github.com/calypr/git-drs/cmd/precommit/main.go:620.34,623.3 2 0
github.com/calypr/git-drs/cmd/precommit/main.go:624.2,624.29 1 2
github.com/calypr/git-drs/cmd/precommit/main.go:627.48,629.62 1 0
github.com/calypr/git-drs/cmd/precommit/main.go:629.62,631.3 1 0
github.com/calypr/git-drs/cmd/precommit/main.go:633.2,633.44 1 0
github.com/calypr/git-drs/cmd/precommit/main.go:633.44,635.3 1 0
github.com/calypr/git-drs/cmd/precommit/main.go:635.8,635.43 1 0
github.com/calypr/git-drs/cmd/precommit/main.go:635.43,637.3 1 0
github.com/calypr/git-drs/cmd/precommit/main.go:639.2,640.16 2 0
github.com/calypr/git-drs/cmd/precommit/main.go:640.16,642.3 1 0
github.com/calypr/git-drs/cmd/precommit/main.go:643.2,646.16 3 0
github.com/calypr/git-drs/cmd/precommit/main.go:646.16,648.3 1 0
github.com/calypr/git-drs/cmd/precommit/main.go:650.2,650.44 1 0
github.com/calypr/git-drs/cmd/precommit/main.go:650.44,653.3 2 0
github.com/calypr/git-drs/cmd/precommit/main.go:654.2,654.36 1 0
github.com/calypr/git-drs/cmd/precommit/main.go:654.36,656.3 1 0
github.com/calypr/git-drs/cmd/precommit/main.go:657.2,657.23 1 0
github.com/calypr/git-drs/cmd/ping/main.go:26.73,28.2 1 0
github.com/calypr/git-drs/cmd/ping/main.go:33.54,34.20 1 3
github.com/calypr/git-drs/cmd/ping/main.go:34.20,37.4 2 1
github.com/calypr/git-drs/cmd/ping/main.go:38.3,38.13 1 2
github.com/calypr/git-drs/cmd/ping/main.go:40.54,43.17 3 1
github.com/calypr/git-drs/cmd/ping/main.go:43.17,45.4 1 0
github.com/calypr/git-drs/cmd/ping/main.go:46.3,48.55 2 1
github.com/calypr/git-drs/cmd/ping/main.go:48.55,50.4 1 0
github.com/calypr/git-drs/cmd/ping/main.go:51.3,52.13 2 1
github.com/calypr/git-drs/cmd/ping/main.go:56.96,58.16 2 2
github.com/calypr/git-drs/cmd/ping/main.go:58.16,60.3 1 0
github.com/calypr/git-drs/cmd/ping/main.go:62.2,63.20 2 2
github.com/calypr/git-drs/cmd/ping/main.go:63.20,65.3 1 0
github.com/calypr/git-drs/cmd/ping/main.go:66.2,67.16 2 2
github.com/calypr/git-drs/cmd/ping/main.go:67.16,69.3 1 0
github.com/calypr/git-drs/cmd/ping/main.go:71.2,72.22 2 2
github.com/calypr/git-drs/cmd/ping/main.go:72.22,74.3 1 0
github.com/calypr/git-drs/cmd/ping/main.go:76.2,77.16 2 2
github.com/calypr/git-drs/cmd/ping/main.go:77.16,79.3 1 0
github.com/calypr/git-drs/cmd/ping/main.go:81.2,91.26 2 2
github.com/calypr/git-drs/cmd/ping/main.go:92.26,93.52 1 0
github.com/calypr/git-drs/cmd/ping/main.go:94.27,95.53 1 2
github.com/calypr/git-drs/cmd/ping/main.go:96.10,97.32 1 0
github.com/calypr/git-drs/cmd/ping/main.go:100.2,100.24 1 2
github.com/calypr/git-drs/cmd/ping/main.go:103.37,105.22 2 1
github.com/calypr/git-drs/cmd/ping/main.go:105.22,107.3 1 1
github.com/calypr/git-drs/cmd/ping/main.go:108.2,115.43 8 1
github.com/calypr/git-drs/cmd/ping/main.go:118.45,119.39 1 2
github.com/calypr/git-drs/cmd/ping/main.go:119.39,121.3 1 0
github.com/calypr/git-drs/cmd/ping/main.go:122.2,122.56 1 2
github.com/calypr/git-drs/cmd/ping/main.go:122.56,124.3 1 0
github.com/calypr/git-drs/cmd/ping/main.go:125.2,125.99 1 2
github.com/calypr/git-drs/cmd/ping/main.go:125.99,127.3 1 0
github.com/calypr/git-drs/cmd/ping/main.go:128.2,128.15 1 2
github.com/calypr/git-drs/cmd/ping/main.go:131.36,133.13 2 4
github.com/calypr/git-drs/cmd/ping/main.go:133.13,135.3 1 0
github.com/calypr/git-drs/cmd/ping/main.go:136.2,136.10 1 4
github.com/calypr/git-drs/cmd/smudge/main.go:38.57,40.16 2 1
github.com/calypr/git-drs/cmd/smudge/main.go:40.16,42.3 1 1
github.com/calypr/git-drs/cmd/smudge/main.go:44.2,49.16 5 1
github.com/calypr/git-drs/cmd/smudge/main.go:49.16,51.3 1 0
github.com/calypr/git-drs/cmd/smudge/main.go:53.2,54.16 2 1
github.com/calypr/git-drs/cmd/smudge/main.go:54.16,55.48 1 1
github.com/calypr/git-drs/cmd/smudge/main.go:55.48,58.4 2 1
github.com/calypr/git-drs/cmd/smudge/main.go:59.3,59.59 1 0
github.com/calypr/git-drs/cmd/smudge/main.go:62.2,63.16 2 0
github.com/calypr/git-drs/cmd/smudge/main.go:63.16,65.3 1 0
github.com/calypr/git-drs/cmd/smudge/main.go:67.2,68.25 2 0
github.com/calypr/git-drs/cmd/smudge/main.go:68.25,69.75 1 0
github.com/calypr/git-drs/cmd/smudge/main.go:69.75,71.4 1 0
github.com/calypr/git-drs/cmd/smudge/main.go:74.2,74.88 1 0
github.com/calypr/git-drs/cmd/smudge/main.go:77.14,77.15 0 1
github.com/calypr/git-drs/cmd/smudge/main.go:79.30,80.56 1 0
github.com/calypr/git-drs/cmd/smudge/main.go:80.56,82.3 1 0
github.com/calypr/git-drs/cmd/smudge/main.go:83.2,83.56 1 0
github.com/calypr/git-drs/cmd/smudge/main.go:83.56,85.3 1 0
github.com/calypr/git-drs/cmd/smudge/main.go:86.2,86.93 1 0
github.com/calypr/git-drs/cmd/smudge/main.go:86.93,87.56 1 0
github.com/calypr/git-drs/cmd/smudge/main.go:87.56,89.4 1 0
github.com/calypr/git-drs/cmd/smudge/main.go:91.2,91.93 1 0
github.com/calypr/git-drs/cmd/smudge/main.go:91.93,92.56 1 0
github.com/calypr/git-drs/cmd/smudge/main.go:92.56,94.4 1 0
github.com/calypr/git-drs/cmd/smudge/main.go:96.2,96.13 1 0
github.com/calypr/git-drs/cmd/addurl/cache.go:42.109,43.19 1 4
github.com/calypr/git-drs/cmd/addurl/cache.go:43.19,45.3 1 0
github.com/calypr/git-drs/cmd/addurl/cache.go:47.2,48.16 2 4
github.com/calypr/git-drs/cmd/addurl/cache.go:48.16,50.3 1 0
github.com/calypr/git-drs/cmd/addurl/cache.go:53.2,53.55 1 4
github.com/calypr/git-drs/cmd/addurl/cache.go:53.55,55.3 1 0
github.com/calypr/git-drs/cmd/addurl/cache.go:58.2,59.16 2 4
github.com/calypr/git-drs/cmd/addurl/cache.go:59.16,61.3 1 0
github.com/calypr/git-drs/cmd/addurl/cache.go:64.2,69.16 4 4
github.com/calypr/git-drs/cmd/addurl/cache.go:69.16,71.3 1 0
github.com/calypr/git-drs/cmd/addurl/cache.go:73.2,79.17 2 4
github.com/calypr/git-drs/cmd/addurl/cache.go:79.17,81.3 1 0
github.com/calypr/git-drs/cmd/addurl/cache.go:83.2,83.94 1 4
github.com/calypr/git-drs/cmd/addurl/cache.go:83.94,85.3 1 0
github.com/calypr/git-drs/cmd/addurl/cache.go:87.2,87.20 1 4
github.com/calypr/git-drs/cmd/addurl/cache.go:87.20,89.3 1 1
github.com/calypr/git-drs/cmd/addurl/cache.go:91.2,91.12 1 4
github.com/calypr/git-drs/cmd/addurl/cache.go:97.79,98.18 1 4
github.com/calypr/git-drs/cmd/addurl/cache.go:98.18,100.3 1 0
github.com/calypr/git-drs/cmd/addurl/cache.go:101.2,101.47 1 4
github.com/calypr/git-drs/cmd/addurl/cache.go:101.47,102.25 1 3
github.com/calypr/git-drs/cmd/addurl/cache.go:102.25,104.4 1 3
github.com/calypr/git-drs/cmd/addurl/cache.go:104.9,106.4 1 0
github.com/calypr/git-drs/cmd/addurl/cache.go:108.2,108.59 1 4
github.com/calypr/git-drs/cmd/addurl/cache.go:108.59,110.3 1 0
github.com/calypr/git-drs/cmd/addurl/cache.go:111.2,111.58 1 4
github.com/calypr/git-drs/cmd/addurl/cache.go:111.58,113.3 1 0
github.com/calypr/git-drs/cmd/addurl/cache.go:114.2,114.12 1 4
github.com/calypr/git-drs/cmd/addurl/cache.go:120.55,121.19 1 4
github.com/calypr/git-drs/cmd/addurl/cache.go:121.19,123.3 1 0
github.com/calypr/git-drs/cmd/addurl/cache.go:124.2,125.16 2 4
github.com/calypr/git-drs/cmd/addurl/cache.go:125.16,127.3 1 0
github.com/calypr/git-drs/cmd/addurl/cache.go:128.2,129.16 2 4
github.com/calypr/git-drs/cmd/addurl/cache.go:129.16,131.3 1 0
github.com/calypr/git-drs/cmd/addurl/cache.go:132.2,133.27 2 4
github.com/calypr/git-drs/cmd/addurl/cache.go:133.27,135.17 2 3
github.com/calypr/git-drs/cmd/addurl/cache.go:135.17,137.4 1 0
github.com/calypr/git-drs/cmd/addurl/cache.go:138.3,139.17 2 3
github.com/calypr/git-drs/cmd/addurl/cache.go:139.17,141.4 1 0
github.com/calypr/git-drs/cmd/addurl/cache.go:142.3,142.35 1 3
github.com/calypr/git-drs/cmd/addurl/cache.go:142.35,144.4 1 0
github.com/calypr/git-drs/cmd/addurl/cache.go:145.3,145.36 1 3
github.com/calypr/git-drs/cmd/addurl/cache.go:147.2,147.37 1 1
github.com/calypr/git-drs/cmd/addurl/cache.go:152.75,154.2 1 4
github.com/calypr/git-drs/cmd/addurl/cache.go:159.73,162.2 2 5
github.com/calypr/git-drs/cmd/addurl/cache.go:167.75,169.16 2 4
github.com/calypr/git-drs/cmd/addurl/cache.go:169.16,170.37 1 3
github.com/calypr/git-drs/cmd/addurl/cache.go:170.37,172.4 1 3
github.com/calypr/git-drs/cmd/addurl/cache.go:173.3,173.25 1 0
github.com/calypr/git-drs/cmd/addurl/cache.go:175.2,176.53 2 1
github.com/calypr/git-drs/cmd/addurl/cache.go:176.53,178.3 1 0
github.com/calypr/git-drs/cmd/addurl/cache.go:179.2,179.26 1 1
github.com/calypr/git-drs/cmd/addurl/cache.go:185.91,192.16 3 5
github.com/calypr/git-drs/cmd/addurl/cache.go:192.16,193.37 1 4
github.com/calypr/git-drs/cmd/addurl/cache.go:193.37,195.4 1 4
github.com/calypr/git-drs/cmd/addurl/cache.go:196.3,196.18 1 0
github.com/calypr/git-drs/cmd/addurl/cache.go:198.2,198.52 1 1
github.com/calypr/git-drs/cmd/addurl/cache.go:198.52,200.3 1 0
github.com/calypr/git-drs/cmd/addurl/cache.go:201.2,202.19 2 1
github.com/calypr/git-drs/cmd/addurl/cache.go:208.114,209.18 1 4
github.com/calypr/git-drs/cmd/addurl/cache.go:209.18,211.3 1 0
github.com/calypr/git-drs/cmd/addurl/cache.go:212.2,214.16 3 4
github.com/calypr/git-drs/cmd/addurl/cache.go:214.16,216.3 1 0
github.com/calypr/git-drs/cmd/addurl/cache.go:218.2,219.32 2 4
github.com/calypr/git-drs/cmd/addurl/cache.go:219.32,221.3 1 0
github.com/calypr/git-drs/cmd/addurl/cache.go:222.2,222.16 1 4
github.com/calypr/git-drs/cmd/addurl/cache.go:222.16,224.3 1 4
github.com/calypr/git-drs/cmd/addurl/cache.go:225.2,228.42 4 4
github.com/calypr/git-drs/cmd/addurl/cache.go:228.42,230.3 1 4
github.com/calypr/git-drs/cmd/addurl/cache.go:232.2,232.40 1 4
github.com/calypr/git-drs/cmd/addurl/cache.go:237.83,238.18 1 1
github.com/calypr/git-drs/cmd/addurl/cache.go:238.18,240.3 1 0
github.com/calypr/git-drs/cmd/addurl/cache.go:241.2,243.16 3 1
github.com/calypr/git-drs/cmd/addurl/cache.go:243.16,245.3 1 0
github.com/calypr/git-drs/cmd/addurl/cache.go:246.2,247.32 2 1
github.com/calypr/git-drs/cmd/addurl/cache.go:247.32,248.16 1 1
github.com/calypr/git-drs/cmd/addurl/cache.go:248.16,249.12 1 1
github.com/calypr/git-drs/cmd/addurl/cache.go:251.3,251.26 1 0
github.com/calypr/git-drs/cmd/addurl/cache.go:253.2,256.40 3 1
github.com/calypr/git-drs/cmd/addurl/cache.go:260.51,264.2 3 5
github.com/calypr/git-drs/cmd/addurl/io.go:17.67,22.19 2 1
github.com/calypr/git-drs/cmd/addurl/io.go:22.19,24.3 1 0
github.com/calypr/git-drs/cmd/addurl/io.go:25.2,27.30 3 1
github.com/calypr/git-drs/cmd/addurl/io.go:27.30,28.48 1 1
github.com/calypr/git-drs/cmd/addurl/io.go:28.48,30.4 1 0
github.com/calypr/git-drs/cmd/addurl/io.go:32.2,32.70 1 1
github.com/calypr/git-drs/cmd/addurl/io.go:32.70,34.3 1 0
github.com/calypr/git-drs/cmd/addurl/io.go:36.2,36.98 1 1
github.com/calypr/git-drs/cmd/addurl/io.go:36.98,38.3 1 0
github.com/calypr/git-drs/cmd/addurl/io.go:39.2,39.12 1 1
github.com/calypr/git-drs/cmd/addurl/io.go:45.136,46.15 1 1
github.com/calypr/git-drs/cmd/addurl/io.go:46.15,48.3 1 1
github.com/calypr/git-drs/cmd/addurl/io.go:49.2,49.53 1 0
github.com/calypr/git-drs/cmd/addurl/io.go:49.53,51.3 1 0
github.com/calypr/git-drs/cmd/addurl/io.go:53.2,53.132 1 0
github.com/calypr/git-drs/cmd/addurl/io.go:53.132,55.3 1 0
github.com/calypr/git-drs/cmd/addurl/io.go:56.2,56.12 1 0
github.com/calypr/git-drs/cmd/addurl/io.go:61.159,97.16 1 1
github.com/calypr/git-drs/cmd/addurl/io.go:97.16,99.3 1 0
github.com/calypr/git-drs/cmd/addurl/io.go:100.2,100.12 1 1
github.com/calypr/git-drs/cmd/addurl/io.go:106.52,108.48 2 9
github.com/calypr/git-drs/cmd/addurl/io.go:108.48,110.3 1 0
github.com/calypr/git-drs/cmd/addurl/io.go:111.2,113.16 3 9
github.com/calypr/git-drs/cmd/addurl/io.go:113.16,115.3 1 0
github.com/calypr/git-drs/cmd/addurl/io.go:116.2,116.55 1 9
github.com/calypr/git-drs/cmd/addurl/io.go:116.55,118.3 1 0
github.com/calypr/git-drs/cmd/addurl/io.go:119.2,119.29 1 9
github.com/calypr/git-drs/cmd/addurl/main.go:13.34,17.55 1 4
github.com/calypr/git-drs/cmd/addurl/main.go:17.55,18.38 1 0
github.com/calypr/git-drs/cmd/addurl/main.go:18.38,20.5 1 0
github.com/calypr/git-drs/cmd/addurl/main.go:21.4,21.14 1 0
github.com/calypr/git-drs/cmd/addurl/main.go:25.2,26.12 2 4
github.com/calypr/git-drs/cmd/addurl/main.go:30.35,41.2 2 4
github.com/calypr/git-drs/cmd/addurl/main.go:44.63,46.2 1 0
github.com/calypr/git-drs/cmd/addurl/params.go:23.79,27.16 3 3
github.com/calypr/git-drs/cmd/addurl/params.go:27.16,29.3 1 0
github.com/calypr/git-drs/cmd/addurl/params.go:31.2,32.16 2 3
github.com/calypr/git-drs/cmd/addurl/params.go:32.16,34.3 1 0
github.com/calypr/git-drs/cmd/addurl/params.go:35.2,36.16 2 3
github.com/calypr/git-drs/cmd/addurl/params.go:36.16,38.3 1 0
github.com/calypr/git-drs/cmd/addurl/params.go:40.2,45.8 1 3
github.com/calypr/git-drs/cmd/addurl/params.go:50.70,51.20 1 3
github.com/calypr/git-drs/cmd/addurl/params.go:51.20,53.3 1 0
github.com/calypr/git-drs/cmd/addurl/params.go:54.2,54.34 1 3
github.com/calypr/git-drs/cmd/addurl/params.go:54.34,56.17 2 2
github.com/calypr/git-drs/cmd/addurl/params.go:56.17,58.4 1 0
github.com/calypr/git-drs/cmd/addurl/params.go:59.3,59.46 1 2
github.com/calypr/git-drs/cmd/addurl/params.go:61.2,61.61 1 1
github.com/calypr/git-drs/cmd/addurl/params.go:64.41,66.16 2 5
github.com/calypr/git-drs/cmd/addurl/params.go:66.16,68.3 1 0
github.com/calypr/git-drs/cmd/addurl/params.go:69.2,69.39 1 5
github.com/calypr/git-drs/cmd/addurl/params.go:69.39,71.3 1 3
github.com/calypr/git-drs/cmd/addurl/params.go:72.2,72.54 1 2
github.com/calypr/git-drs/cmd/addurl/params.go:73.52,74.41 1 2
github.com/calypr/git-drs/cmd/addurl/params.go:75.10,76.15 1 0
github.com/calypr/git-drs/cmd/addurl/params.go:80.93,81.40 1 2
github.com/calypr/git-drs/cmd/addurl/params.go:81.40,83.3 1 0
github.com/calypr/git-drs/cmd/addurl/params.go:84.2,84.24 1 2
github.com/calypr/git-drs/cmd/addurl/params.go:84.24,86.3 1 1
github.com/calypr/git-drs/cmd/addurl/params.go:87.2,88.22 2 1
github.com/calypr/git-drs/cmd/addurl/params.go:89.12,90.59 1 1
github.com/calypr/git-drs/cmd/addurl/params.go:91.19,92.59 1 0
github.com/calypr/git-drs/cmd/addurl/params.go:93.22,94.137 1 0
github.com/calypr/git-drs/cmd/addurl/params.go:95.10,96.112 1 0
github.com/calypr/git-drs/cmd/addurl/params.go:100.47,102.64 2 1
github.com/calypr/git-drs/cmd/addurl/params.go:102.64,104.3 1 1
github.com/calypr/git-drs/cmd/addurl/params.go:105.2,105.61 1 1
github.com/calypr/git-drs/cmd/addurl/params.go:105.61,107.3 1 1
github.com/calypr/git-drs/cmd/addurl/params.go:108.2,108.28 1 1
github.com/calypr/git-drs/cmd/addurl/params.go:111.45,112.27 1 4
github.com/calypr/git-drs/cmd/addurl/params.go:112.27,114.14 2 5
github.com/calypr/git-drs/cmd/addurl/params.go:114.14,116.4 1 3
github.com/calypr/git-drs/cmd/addurl/params.go:118.2,118.11 1 1
github.com/calypr/git-drs/cmd/addurl/remote_inspect.go:42.128,43.79 1 0
github.com/calypr/git-drs/cmd/addurl/remote_inspect.go:43.79,45.3 1 0
github.com/calypr/git-drs/cmd/addurl/remote_inspect.go:47.2,49.31 3 0
github.com/calypr/git-drs/cmd/addurl/remote_inspect.go:49.31,50.59 1 0
github.com/calypr/git-drs/cmd/addurl/remote_inspect.go:50.59,52.4 1 0
github.com/calypr/git-drs/cmd/addurl/remote_inspect.go:53.3,53.25 1 0
github.com/calypr/git-drs/cmd/addurl/remote_inspect.go:54.8,55.44 1 0
github.com/calypr/git-drs/cmd/addurl/remote_inspect.go:55.44,57.4 1 0
github.com/calypr/git-drs/cmd/addurl/remote_inspect.go:58.3,58.63 1 0
github.com/calypr/git-drs/cmd/addurl/remote_inspect.go:58.63,60.4 1 0
github.com/calypr/git-drs/cmd/addurl/remote_inspect.go:61.3,64.20 4 0
github.com/calypr/git-drs/cmd/addurl/remote_inspect.go:67.2,68.114 2 0
github.com/calypr/git-drs/cmd/addurl/remote_inspect.go:68.114,70.3 1 0
github.com/calypr/git-drs/cmd/addurl/remote_inspect.go:71.2,82.8 1 0
github.com/calypr/git-drs/cmd/addurl/remote_inspect.go:85.53,87.15 2 0
github.com/calypr/git-drs/cmd/addurl/remote_inspect.go:87.15,89.3 1 0
github.com/calypr/git-drs/cmd/addurl/remote_inspect.go:90.2,91.16 2 0
github.com/calypr/git-drs/cmd/addurl/remote_inspect.go:91.16,93.3 1 0
github.com/calypr/git-drs/cmd/addurl/remote_inspect.go:94.2,94.10 1 0
github.com/calypr/git-drs/cmd/addurl/remote_inspect.go:97.54,99.37 2 2
github.com/calypr/git-drs/cmd/addurl/remote_inspect.go:99.37,101.3 1 0
github.com/calypr/git-drs/cmd/addurl/remote_inspect.go:103.2,104.24 2 2
github.com/calypr/git-drs/cmd/addurl/remote_inspect.go:105.29,106.129 1 0
github.com/calypr/git-drs/cmd/addurl/remote_inspect.go:107.28,108.137 1 1
github.com/calypr/git-drs/cmd/addurl/remote_inspect.go:109.27,110.41 1 1
github.com/calypr/git-drs/cmd/addurl/remote_inspect.go:110.41,112.4 1 1
github.com/calypr/git-drs/cmd/addurl/remote_inspect.go:113.3,113.129 1 0
github.com/calypr/git-drs/cmd/addurl/remote_inspect.go:114.10,115.125 1 0
github.com/calypr/git-drs/cmd/addurl/remote_inspect.go:119.53,125.2 2 1
github.com/calypr/git-drs/cmd/addurl/remote_inspect.go:127.66,128.35 1 1
github.com/calypr/git-drs/cmd/addurl/remote_inspect.go:128.35,130.3 1 1
github.com/calypr/git-drs/cmd/addurl/remote_inspect.go:131.2,131.17 1 0
github.com/calypr/git-drs/cmd/addurl/remote_inspect.go:134.72,136.8 2 2
github.com/calypr/git-drs/cmd/addurl/remote_inspect.go:136.8,139.3 2 2
github.com/calypr/git-drs/cmd/addurl/remote_inspect.go:140.2,140.14 1 0
github.com/calypr/git-drs/cmd/addurl/scope.go:10.140,13.19 3 3
github.com/calypr/git-drs/cmd/addurl/scope.go:13.19,15.3 1 0
github.com/calypr/git-drs/cmd/addurl/scope.go:17.2,23.16 2 3
github.com/calypr/git-drs/cmd/addurl/scope.go:23.16,25.3 1 0
github.com/calypr/git-drs/cmd/addurl/scope.go:26.2,26.42 1 3
github.com/calypr/git-drs/cmd/addurl/service.go:37.40,41.116 1 1
github.com/calypr/git-drs/cmd/addurl/service.go:41.116,43.4 1 0
github.com/calypr/git-drs/cmd/addurl/service.go:55.70,57.16 2 1
github.com/calypr/git-drs/cmd/addurl/service.go:57.16,59.3 1 1
github.com/calypr/git-drs/cmd/addurl/service.go:61.2,62.16 2 1
github.com/calypr/git-drs/cmd/addurl/service.go:62.16,64.3 1 0
github.com/calypr/git-drs/cmd/addurl/service.go:66.2,67.16 2 1
github.com/calypr/git-drs/cmd/addurl/service.go:67.16,69.3 1 0
github.com/calypr/git-drs/cmd/addurl/service.go:71.2,72.16 2 1
github.com/calypr/git-drs/cmd/addurl/service.go:72.16,74.3 1 0
github.com/calypr/git-drs/cmd/addurl/service.go:76.2,77.16 2 1
github.com/calypr/git-drs/cmd/addurl/service.go:77.16,79.3 1 0
github.com/calypr/git-drs/cmd/addurl/service.go:81.2,82.25 2 1
github.com/calypr/git-drs/cmd/addurl/service.go:82.25,84.3 1 0
github.com/calypr/git-drs/cmd/addurl/service.go:86.2,87.16 2 1
github.com/calypr/git-drs/cmd/addurl/service.go:87.16,89.3 1 0
github.com/calypr/git-drs/cmd/addurl/service.go:91.2,92.16 2 1
github.com/calypr/git-drs/cmd/addurl/service.go:92.16,94.3 1 0
github.com/calypr/git-drs/cmd/addurl/service.go:96.2,96.19 1 1
github.com/calypr/git-drs/cmd/addurl/service.go:96.19,103.3 3 1
github.com/calypr/git-drs/cmd/addurl/service.go:105.2,106.16 2 1
github.com/calypr/git-drs/cmd/addurl/service.go:106.16,108.3 1 0
github.com/calypr/git-drs/cmd/addurl/service.go:109.2,113.16 4 1
github.com/calypr/git-drs/cmd/addurl/service.go:113.16,115.3 1 0
github.com/calypr/git-drs/cmd/addurl/service.go:117.2,118.16 2 1
github.com/calypr/git-drs/cmd/addurl/service.go:118.16,120.3 1 0
github.com/calypr/git-drs/cmd/addurl/service.go:122.2,122.119 1 1
github.com/calypr/git-drs/cmd/addurl/service.go:122.119,124.3 1 0
github.com/calypr/git-drs/cmd/addurl/service.go:126.2,127.16 2 1
github.com/calypr/git-drs/cmd/addurl/service.go:127.16,129.3 1 0
github.com/calypr/git-drs/cmd/addurl/service.go:131.2,131.80 1 1
github.com/calypr/git-drs/cmd/addurl/service.go:131.80,133.3 1 0
github.com/calypr/git-drs/cmd/addurl/service.go:135.2,135.92 1 1
github.com/calypr/git-drs/cmd/addurl/service.go:135.92,137.3 1 0
github.com/calypr/git-drs/cmd/addurl/service.go:139.2,139.81 1 1
github.com/calypr/git-drs/cmd/addurl/service.go:139.81,141.3 1 0
github.com/calypr/git-drs/cmd/addurl/service.go:143.2,152.80 5 1
github.com/calypr/git-drs/cmd/addurl/service.go:152.80,154.3 1 0
github.com/calypr/git-drs/cmd/addurl/service.go:156.2,156.12 1 1
github.com/calypr/git-drs/cmd/addurl/service.go:165.120,168.35 3 1
github.com/calypr/git-drs/cmd/addurl/service.go:168.35,173.3 4 0
github.com/calypr/git-drs/cmd/addurl/service.go:173.8,176.17 3 1
github.com/calypr/git-drs/cmd/addurl/service.go:176.17,178.4 1 0
github.com/calypr/git-drs/cmd/addurl/service.go:181.2,181.22 1 1
github.com/calypr/git-drs/cmd/addurl/service.go:181.22,182.68 1 1
github.com/calypr/git-drs/cmd/addurl/service.go:182.68,188.4 2 1
github.com/calypr/git-drs/cmd/addurl/service.go:188.9,196.4 1 0
github.com/calypr/git-drs/cmd/addurl/service.go:199.2,199.86 1 1
github.com/calypr/git-drs/cmd/addurl/service.go:199.86,201.3 1 0
github.com/calypr/git-drs/cmd/addurl/service.go:202.2,202.20 1 1
github.com/calypr/git-drs/cmd/addurl/service.go:209.145,212.24 3 1
github.com/calypr/git-drs/cmd/addurl/service.go:212.24,214.3 1 0
github.com/calypr/git-drs/cmd/addurl/service.go:216.2,216.70 1 1
github.com/calypr/git-drs/cmd/addurl/service.go:219.81,222.13 3 5
github.com/calypr/git-drs/cmd/addurl/service.go:222.13,224.3 1 1
github.com/calypr/git-drs/cmd/addurl/service.go:225.2,225.15 1 4
github.com/calypr/git-drs/cmd/addurl/service.go:225.15,227.3 1 0
github.com/calypr/git-drs/cmd/addurl/service.go:228.2,229.39 2 4
github.com/calypr/git-drs/internal/drslog/logger.go:50.13,52.65 2 1
github.com/calypr/git-drs/internal/drslog/logger.go:52.65,53.56 1 0
github.com/calypr/git-drs/internal/drslog/logger.go:53.56,55.4 1 0
github.com/calypr/git-drs/internal/drslog/logger.go:65.26,67.2 1 2
github.com/calypr/git-drs/internal/drslog/logger.go:95.73,98.20 2 2
github.com/calypr/git-drs/internal/drslog/logger.go:98.20,100.59 1 1
github.com/calypr/git-drs/internal/drslog/logger.go:100.59,102.4 1 0
github.com/calypr/git-drs/internal/drslog/logger.go:104.3,104.58 1 1
github.com/calypr/git-drs/internal/drslog/logger.go:107.2,108.16 2 2
github.com/calypr/git-drs/internal/drslog/logger.go:108.16,110.3 1 0
github.com/calypr/git-drs/internal/drslog/logger.go:111.2,113.17 2 2
github.com/calypr/git-drs/internal/drslog/logger.go:113.17,115.3 1 0
github.com/calypr/git-drs/internal/drslog/logger.go:117.2,131.26 8 2
github.com/calypr/git-drs/internal/drslog/logger.go:144.31,145.29 1 1
github.com/calypr/git-drs/internal/drslog/logger.go:145.29,146.26 1 1
github.com/calypr/git-drs/internal/drslog/logger.go:146.26,148.4 1 0
github.com/calypr/git-drs/internal/drslog/logger.go:150.2,150.21 1 1
github.com/calypr/git-drs/internal/drslog/logger.go:165.20,168.26 3 2
github.com/calypr/git-drs/internal/drslog/logger.go:168.26,173.3 3 2
github.com/calypr/git-drs/internal/drslog/logger.go:174.2,174.12 1 0
github.com/calypr/git-drs/internal/drslog/logger.go:188.35,193.2 2 1
github.com/calypr/git-drs/internal/drslog/logger.go:206.35,207.20 1 2
github.com/calypr/git-drs/internal/drslog/logger.go:207.20,209.3 1 0
github.com/calypr/git-drs/internal/drslog/logger.go:211.2,212.8 2 2
github.com/calypr/git-drs/internal/drslog/logger.go:212.8,214.3 1 0
github.com/calypr/git-drs/internal/drslog/logger.go:216.2,216.23 1 2
github.com/calypr/git-drs/internal/drslog/logger.go:235.53,237.29 2 2
github.com/calypr/git-drs/internal/drslog/logger.go:237.29,239.3 1 2
github.com/calypr/git-drs/internal/drslog/logger.go:241.2,242.9 2 0
github.com/calypr/git-drs/internal/drslog/logger.go:242.9,244.3 1 0
github.com/calypr/git-drs/internal/drslog/logger.go:245.2,245.21 1 0
github.com/calypr/git-drs/internal/drslog/logger.go:259.53,260.51 1 0
github.com/calypr/git-drs/internal/drslog/logger.go:261.21,262.31 1 0
github.com/calypr/git-drs/internal/drslog/logger.go:263.20,264.30 1 0
github.com/calypr/git-drs/internal/drslog/logger.go:265.37,266.30 1 0
github.com/calypr/git-drs/internal/drslog/logger.go:267.21,268.31 1 0
github.com/calypr/git-drs/internal/drslog/logger.go:269.10,270.32 1 0
github.com/calypr/git-drs/internal/drslog/logger.go:288.62,289.32 1 6
github.com/calypr/git-drs/internal/drslog/logger.go:289.32,291.3 1 5
github.com/calypr/git-drs/internal/drslog/logger.go:292.2,293.26 2 1
github.com/calypr/git-drs/internal/drslog/logger.go:293.26,295.3 1 0
github.com/calypr/git-drs/internal/drslog/logger.go:296.2,298.13 3 1
github.com/calypr/git-drs/internal/drslog/logger.go:323.43,326.24 3 1
github.com/calypr/git-drs/internal/drslog/logger.go:326.24,328.75 2 1
github.com/calypr/git-drs/internal/drslog/logger.go:328.75,330.4 1 0
github.com/calypr/git-drs/internal/drslog/logger.go:331.3,331.58 1 1
github.com/calypr/git-drs/internal/drslog/logger.go:331.58,333.4 1 0
github.com/calypr/git-drs/internal/drslog/logger.go:335.2,336.20 2 1
github.com/calypr/git-drs/internal/drslog/logger.go:336.20,338.54 2 1
github.com/calypr/git-drs/internal/drslog/logger.go:338.54,340.26 2 1
github.com/calypr/git-drs/internal/drslog/logger.go:340.26,342.5 1 1
github.com/calypr/git-drs/internal/drslog/logger.go:343.4,343.14 1 0
github.com/calypr/git-drs/internal/drslog/logger.go:346.2,346.18 1 0
github.com/calypr/git-drs/internal/drslog/logger.go:361.32,362.33 1 1
github.com/calypr/git-drs/internal/drslog/logger.go:362.33,363.68 1 1
github.com/calypr/git-drs/internal/drslog/logger.go:363.68,365.22 2 1
github.com/calypr/git-drs/internal/drslog/logger.go:365.22,367.5 1 1
github.com/calypr/git-drs/internal/drslog/logger.go:370.2,370.30 1 1
github.com/calypr/git-drs/internal/drslog/logger.go:387.28,388.25 1 1
github.com/calypr/git-drs/internal/drslog/logger.go:388.25,390.17 2 1
github.com/calypr/git-drs/internal/drslog/logger.go:390.17,392.4 1 0
github.com/calypr/git-drs/internal/drslog/logger.go:393.3,394.7 2 1
github.com/calypr/git-drs/internal/drslog/logger.go:394.7,395.67 1 3
github.com/calypr/git-drs/internal/drslog/logger.go:395.67,398.5 2 1
github.com/calypr/git-drs/internal/drslog/logger.go:399.4,400.21 2 2
github.com/calypr/git-drs/internal/drslog/logger.go:400.21,402.5 1 0
github.com/calypr/git-drs/internal/drslog/logger.go:403.4,403.16 1 2
github.com/calypr/git-drs/internal/drslog/logger.go:406.2,406.22 1 1
github.com/calypr/git-drs/cmd/initialize/main.go:33.54,34.21 1 2
github.com/calypr/git-drs/cmd/initialize/main.go:34.21,37.4 2 1
github.com/calypr/git-drs/cmd/initialize/main.go:38.3,38.13 1 1
github.com/calypr/git-drs/cmd/initialize/main.go:40.54,42.46 2 1
github.com/calypr/git-drs/cmd/initialize/main.go:42.46,44.4 1 1
github.com/calypr/git-drs/cmd/initialize/main.go:45.3,46.13 2 0
github.com/calypr/git-drs/cmd/initialize/main.go:52.46,55.16 2 2
github.com/calypr/git-drs/cmd/initialize/main.go:55.16,57.3 1 1
github.com/calypr/git-drs/cmd/initialize/main.go:60.2,61.16 2 1
github.com/calypr/git-drs/cmd/initialize/main.go:61.16,63.3 1 0
github.com/calypr/git-drs/cmd/initialize/main.go:66.2,67.16 2 1
github.com/calypr/git-drs/cmd/initialize/main.go:67.16,70.3 2 0
github.com/calypr/git-drs/cmd/initialize/main.go:73.2,75.50 3 1
github.com/calypr/git-drs/cmd/initialize/main.go:75.50,77.3 1 0
github.com/calypr/git-drs/cmd/initialize/main.go:78.2,78.57 1 1
github.com/calypr/git-drs/cmd/initialize/main.go:78.57,80.3 1 0
github.com/calypr/git-drs/cmd/initialize/main.go:82.2,83.16 2 1
github.com/calypr/git-drs/cmd/initialize/main.go:83.16,85.3 1 0
github.com/calypr/git-drs/cmd/initialize/main.go:88.2,89.16 2 1
github.com/calypr/git-drs/cmd/initialize/main.go:89.16,91.3 1 0
github.com/calypr/git-drs/cmd/initialize/main.go:93.2,94.16 2 1
github.com/calypr/git-drs/cmd/initialize/main.go:94.16,96.3 1 0
github.com/calypr/git-drs/cmd/initialize/main.go:98.2,99.12 2 1
github.com/calypr/git-drs/cmd/initialize/main.go:104.49,106.16 2 2
github.com/calypr/git-drs/cmd/initialize/main.go:106.16,108.3 1 0
github.com/calypr/git-drs/cmd/initialize/main.go:109.2,109.17 1 2
github.com/calypr/git-drs/cmd/initialize/main.go:109.17,111.3 1 1
github.com/calypr/git-drs/cmd/initialize/main.go:112.2,112.29 1 1
github.com/calypr/git-drs/cmd/initialize/main.go:115.36,116.49 1 2
github.com/calypr/git-drs/cmd/initialize/main.go:116.49,118.3 1 0
github.com/calypr/git-drs/cmd/initialize/main.go:120.2,120.51 1 2
github.com/calypr/git-drs/cmd/initialize/main.go:120.51,121.25 1 1
github.com/calypr/git-drs/cmd/initialize/main.go:121.25,123.4 1 1
github.com/calypr/git-drs/cmd/initialize/main.go:124.3,124.72 1 0
github.com/calypr/git-drs/cmd/initialize/main.go:127.2,127.124 1 1
github.com/calypr/git-drs/cmd/initialize/main.go:127.124,129.3 1 0
github.com/calypr/git-drs/cmd/initialize/main.go:130.2,130.127 1 1
github.com/calypr/git-drs/cmd/initialize/main.go:130.127,132.3 1 0
github.com/calypr/git-drs/cmd/initialize/main.go:133.2,133.129 1 1
github.com/calypr/git-drs/cmd/initialize/main.go:133.129,135.3 1 0
github.com/calypr/git-drs/cmd/initialize/main.go:136.2,136.115 1 1
github.com/calypr/git-drs/cmd/initialize/main.go:136.115,138.3 1 0
github.com/calypr/git-drs/cmd/initialize/main.go:140.2,141.16 2 1
github.com/calypr/git-drs/cmd/initialize/main.go:141.16,143.3 1 0
github.com/calypr/git-drs/cmd/initialize/main.go:144.2,144.25 1 1
github.com/calypr/git-drs/cmd/initialize/main.go:144.25,146.3 1 0
github.com/calypr/git-drs/cmd/initialize/main.go:148.2,149.16 2 1
github.com/calypr/git-drs/cmd/initialize/main.go:149.16,151.3 1 0
github.com/calypr/git-drs/cmd/initialize/main.go:152.2,152.30 1 1
github.com/calypr/git-drs/cmd/initialize/main.go:155.54,157.16 2 2
github.com/calypr/git-drs/cmd/initialize/main.go:157.16,159.3 1 0
github.com/calypr/git-drs/cmd/initialize/main.go:160.2,161.16 2 2
github.com/calypr/git-drs/cmd/initialize/main.go:161.16,162.25 1 0
github.com/calypr/git-drs/cmd/initialize/main.go:162.25,164.4 1 0
github.com/calypr/git-drs/cmd/initialize/main.go:165.3,165.20 1 0
github.com/calypr/git-drs/cmd/initialize/main.go:167.2,167.55 1 2
github.com/calypr/git-drs/cmd/initialize/main.go:172.28,189.18 2 3
github.com/calypr/git-drs/cmd/initialize/main.go:189.18,191.3 1 0
github.com/calypr/git-drs/cmd/initialize/main.go:193.2,193.61 1 3
github.com/calypr/git-drs/cmd/initialize/main.go:193.61,195.3 1 0
github.com/calypr/git-drs/cmd/initialize/main.go:196.2,196.12 1 3
github.com/calypr/git-drs/cmd/initialize/main.go:199.13,205.2 5 1
github.com/calypr/git-drs/cmd/initialize/main.go:207.52,209.16 2 3
github.com/calypr/git-drs/cmd/initialize/main.go:209.16,211.3 1 0
github.com/calypr/git-drs/cmd/initialize/main.go:213.2,213.52 1 3
github.com/calypr/git-drs/cmd/initialize/main.go:213.52,215.3 1 0
github.com/calypr/git-drs/cmd/initialize/main.go:217.2,237.16 5 3
github.com/calypr/git-drs/cmd/initialize/main.go:237.16,242.73 3 1
github.com/calypr/git-drs/cmd/initialize/main.go:242.73,244.4 1 0
github.com/calypr/git-drs/cmd/initialize/main.go:245.3,245.45 1 1
github.com/calypr/git-drs/cmd/initialize/main.go:245.45,247.4 1 0
github.com/calypr/git-drs/cmd/initialize/main.go:248.3,248.87 1 1
github.com/calypr/git-drs/cmd/initialize/main.go:251.2,251.39 1 3
github.com/calypr/git-drs/cmd/initialize/main.go:251.39,253.3 1 0
github.com/calypr/git-drs/cmd/initialize/main.go:255.2,256.16 2 3
github.com/calypr/git-drs/cmd/initialize/main.go:256.16,258.3 1 0
github.com/calypr/git-drs/cmd/initialize/main.go:259.2,260.12 2 3
github.com/calypr/git-drs/cmd/initialize/main.go:263.54,266.16 3 3
github.com/calypr/git-drs/cmd/initialize/main.go:266.16,268.3 1 0
github.com/calypr/git-drs/cmd/initialize/main.go:269.2,271.52 3 3
github.com/calypr/git-drs/cmd/initialize/main.go:271.52,273.3 1 0
github.com/calypr/git-drs/cmd/initialize/main.go:275.2,283.16 5 3
github.com/calypr/git-drs/cmd/initialize/main.go:283.16,288.73 3 1
github.com/calypr/git-drs/cmd/initialize/main.go:288.73,290.4 1 0
github.com/calypr/git-drs/cmd/initialize/main.go:291.3,291.45 1 1
github.com/calypr/git-drs/cmd/initialize/main.go:291.45,293.4 1 0
github.com/calypr/git-drs/cmd/initialize/main.go:294.3,294.89 1 1
github.com/calypr/git-drs/cmd/initialize/main.go:297.2,297.39 1 3
github.com/calypr/git-drs/cmd/initialize/main.go:297.39,299.3 1 0
github.com/calypr/git-drs/cmd/initialize/main.go:301.2,302.16 2 3
github.com/calypr/git-drs/cmd/initialize/main.go:302.16,304.3 1 0
github.com/calypr/git-drs/cmd/initialize/main.go:305.2,306.12 2 3
github.com/calypr/git-drs/internal/drsmap/drs_map.go:22.119,23.24 1 3
github.com/calypr/git-drs/internal/drsmap/drs_map.go:23.24,25.3 1 0
github.com/calypr/git-drs/internal/drsmap/drs_map.go:26.2,28.27 2 3
github.com/calypr/git-drs/internal/drsmap/drs_map.go:28.27,30.3 1 0
github.com/calypr/git-drs/internal/drsmap/drs_map.go:31.2,31.24 1 3
github.com/calypr/git-drs/internal/drsmap/drs_map.go:31.24,33.3 1 0
github.com/calypr/git-drs/internal/drsmap/drs_map.go:35.2,35.32 1 3
github.com/calypr/git-drs/internal/drsmap/drs_map.go:35.32,38.36 3 3
github.com/calypr/git-drs/internal/drsmap/drs_map.go:38.36,44.4 5 2
github.com/calypr/git-drs/internal/drsmap/drs_map.go:44.9,47.18 3 1
github.com/calypr/git-drs/internal/drsmap/drs_map.go:47.18,49.13 2 0
github.com/calypr/git-drs/internal/drsmap/drs_map.go:53.3,54.145 2 3
github.com/calypr/git-drs/internal/drsmap/drs_map.go:54.145,56.4 1 2
github.com/calypr/git-drs/internal/drsmap/drs_map.go:58.3,59.24 2 3
github.com/calypr/git-drs/internal/drsmap/drs_map.go:59.24,61.18 2 1
github.com/calypr/git-drs/internal/drsmap/drs_map.go:61.18,63.5 1 0
github.com/calypr/git-drs/internal/drsmap/drs_map.go:63.10,63.17 1 1
github.com/calypr/git-drs/internal/drsmap/drs_map.go:63.17,65.5 1 1
github.com/calypr/git-drs/internal/drsmap/drs_map.go:68.3,68.17 1 3
github.com/calypr/git-drs/internal/drsmap/drs_map.go:68.17,69.91 1 1
github.com/calypr/git-drs/internal/drsmap/drs_map.go:69.91,71.5 1 1
github.com/calypr/git-drs/internal/drsmap/drs_map.go:74.3,74.40 1 3
github.com/calypr/git-drs/internal/drsmap/drs_map.go:74.40,75.89 1 1
github.com/calypr/git-drs/internal/drsmap/drs_map.go:75.89,81.5 2 1
github.com/calypr/git-drs/internal/drsmap/drs_map.go:81.10,90.5 2 0
github.com/calypr/git-drs/internal/drsmap/drs_map.go:91.4,91.83 1 1
github.com/calypr/git-drs/internal/drsmap/drs_map.go:94.3,94.97 1 3
github.com/calypr/git-drs/internal/drsmap/drs_map.go:94.97,96.12 2 0
github.com/calypr/git-drs/internal/drsmap/drs_map.go:98.3,98.127 1 3
github.com/calypr/git-drs/internal/drsmap/drs_map.go:101.2,101.12 1 3
github.com/calypr/git-drs/internal/drsmap/drs_map.go:104.73,105.16 1 3
github.com/calypr/git-drs/internal/drsmap/drs_map.go:105.16,107.3 1 0
github.com/calypr/git-drs/internal/drsmap/drs_map.go:108.2,109.24 2 3
github.com/calypr/git-drs/internal/drsmap/drs_map.go:109.24,111.3 1 0
github.com/calypr/git-drs/internal/drsmap/drs_map.go:112.2,115.26 4 3
github.com/calypr/git-drs/internal/drsmap/drs_map.go:115.26,117.3 1 0
github.com/calypr/git-drs/internal/drsmap/drs_map.go:118.2,118.36 1 3
github.com/calypr/git-drs/internal/drsmap/drs_map.go:121.47,122.16 1 6
github.com/calypr/git-drs/internal/drsmap/drs_map.go:122.16,124.3 1 1
github.com/calypr/git-drs/internal/drsmap/drs_map.go:125.2,125.41 1 5
github.com/calypr/git-drs/internal/precommit_cache/helpers.go:59.48,61.16 2 1
github.com/calypr/git-drs/internal/precommit_cache/helpers.go:61.16,63.3 1 0
github.com/calypr/git-drs/internal/precommit_cache/helpers.go:64.2,71.8 2 1
github.com/calypr/git-drs/internal/precommit_cache/helpers.go:81.68,83.23 2 1
github.com/calypr/git-drs/internal/precommit_cache/helpers.go:83.23,85.3 1 0
github.com/calypr/git-drs/internal/precommit_cache/helpers.go:86.2,86.21 1 1
github.com/calypr/git-drs/internal/precommit_cache/helpers.go:86.21,88.3 1 0
github.com/calypr/git-drs/internal/precommit_cache/helpers.go:89.2,89.29 1 1
github.com/calypr/git-drs/internal/precommit_cache/helpers.go:95.70,97.23 2 0
github.com/calypr/git-drs/internal/precommit_cache/helpers.go:97.23,99.3 1 0
github.com/calypr/git-drs/internal/precommit_cache/helpers.go:100.2,102.25 3 0
github.com/calypr/git-drs/internal/precommit_cache/helpers.go:107.74,109.23 2 2
github.com/calypr/git-drs/internal/precommit_cache/helpers.go:109.23,111.3 1 0
github.com/calypr/git-drs/internal/precommit_cache/helpers.go:112.2,113.13 2 2
github.com/calypr/git-drs/internal/precommit_cache/helpers.go:113.13,115.3 1 0
github.com/calypr/git-drs/internal/precommit_cache/helpers.go:116.2,116.21 1 2
github.com/calypr/git-drs/internal/precommit_cache/helpers.go:122.77,124.23 2 1
github.com/calypr/git-drs/internal/precommit_cache/helpers.go:124.23,126.3 1 0
github.com/calypr/git-drs/internal/precommit_cache/helpers.go:127.2,127.38 1 1
github.com/calypr/git-drs/internal/precommit_cache/helpers.go:137.70,140.16 3 1
github.com/calypr/git-drs/internal/precommit_cache/helpers.go:140.16,141.37 1 0
github.com/calypr/git-drs/internal/precommit_cache/helpers.go:141.37,143.4 1 0
github.com/calypr/git-drs/internal/precommit_cache/helpers.go:144.3,144.66 1 0
github.com/calypr/git-drs/internal/precommit_cache/helpers.go:146.2,147.47 2 1
github.com/calypr/git-drs/internal/precommit_cache/helpers.go:147.47,149.3 1 0
github.com/calypr/git-drs/internal/precommit_cache/helpers.go:150.2,150.23 1 1
github.com/calypr/git-drs/internal/precommit_cache/helpers.go:156.67,159.16 3 2
github.com/calypr/git-drs/internal/precommit_cache/helpers.go:159.16,160.37 1 0
github.com/calypr/git-drs/internal/precommit_cache/helpers.go:160.37,162.4 1 0
github.com/calypr/git-drs/internal/precommit_cache/helpers.go:163.3,163.65 1 0
github.com/calypr/git-drs/internal/precommit_cache/helpers.go:165.2,166.47 2 2
github.com/calypr/git-drs/internal/precommit_cache/helpers.go:166.47,168.3 1 0
github.com/calypr/git-drs/internal/precommit_cache/helpers.go:169.2,169.23 1 2
github.com/calypr/git-drs/internal/precommit_cache/helpers.go:172.38,173.62 1 0
github.com/calypr/git-drs/internal/precommit_cache/helpers.go:173.62,174.49 1 0
github.com/calypr/git-drs/internal/precommit_cache/helpers.go:174.49,176.4 1 0
github.com/calypr/git-drs/internal/precommit_cache/helpers.go:178.2,178.12 1 0
github.com/calypr/git-drs/internal/precommit_cache/helpers.go:181.56,182.41 1 0
github.com/calypr/git-drs/internal/precommit_cache/helpers.go:182.41,184.3 1 0
github.com/calypr/git-drs/internal/precommit_cache/helpers.go:185.2,185.60 1 0
github.com/calypr/git-drs/internal/precommit_cache/helpers.go:188.99,189.41 1 0
github.com/calypr/git-drs/internal/precommit_cache/helpers.go:189.41,191.3 1 0
github.com/calypr/git-drs/internal/precommit_cache/helpers.go:192.2,192.83 1 0
github.com/calypr/git-drs/internal/precommit_cache/helpers.go:195.64,196.41 1 0
github.com/calypr/git-drs/internal/precommit_cache/helpers.go:196.41,198.3 1 0
github.com/calypr/git-drs/internal/precommit_cache/helpers.go:199.2,199.49 1 0
github.com/calypr/git-drs/internal/precommit_cache/helpers.go:202.52,203.41 1 0
github.com/calypr/git-drs/internal/precommit_cache/helpers.go:203.41,205.3 1 0
github.com/calypr/git-drs/internal/precommit_cache/helpers.go:206.2,206.92 1 0
github.com/calypr/git-drs/internal/precommit_cache/helpers.go:206.92,208.3 1 0
github.com/calypr/git-drs/internal/precommit_cache/helpers.go:209.2,209.12 1 0
github.com/calypr/git-drs/internal/precommit_cache/helpers.go:219.70,222.24 3 3
github.com/calypr/git-drs/internal/precommit_cache/helpers.go:222.24,224.3 1 1
github.com/calypr/git-drs/internal/precommit_cache/helpers.go:225.2,225.12 1 2
github.com/calypr/git-drs/internal/precommit_cache/helpers.go:225.12,230.3 1 1
github.com/calypr/git-drs/internal/precommit_cache/helpers.go:231.2,231.12 1 1
github.com/calypr/git-drs/internal/precommit_cache/helpers.go:236.62,238.16 2 2
github.com/calypr/git-drs/internal/precommit_cache/helpers.go:238.16,240.3 1 1
github.com/calypr/git-drs/internal/precommit_cache/helpers.go:241.2,241.31 1 1
github.com/calypr/git-drs/internal/precommit_cache/helpers.go:250.51,252.2 1 2
github.com/calypr/git-drs/internal/precommit_cache/helpers.go:256.49,259.2 2 4
github.com/calypr/git-drs/internal/precommit_cache/helpers.go:263.37,265.2 1 3
github.com/calypr/git-drs/internal/precommit_cache/helpers.go:269.49,271.16 2 1
github.com/calypr/git-drs/internal/precommit_cache/helpers.go:271.16,273.3 1 0
github.com/calypr/git-drs/internal/precommit_cache/helpers.go:274.2,274.23 1 1
github.com/calypr/git-drs/internal/precommit_cache/helpers.go:284.61,286.16 2 1
github.com/calypr/git-drs/internal/precommit_cache/helpers.go:286.16,288.3 1 0
github.com/calypr/git-drs/internal/precommit_cache/helpers.go:289.2,290.18 2 1
github.com/calypr/git-drs/internal/precommit_cache/helpers.go:290.18,292.3 1 0
github.com/calypr/git-drs/internal/precommit_cache/helpers.go:293.2,293.29 1 1
github.com/calypr/git-drs/internal/precommit_cache/helpers.go:293.29,295.17 2 1
github.com/calypr/git-drs/internal/precommit_cache/helpers.go:295.17,297.4 1 0
github.com/calypr/git-drs/internal/precommit_cache/helpers.go:298.3,299.39 2 1
github.com/calypr/git-drs/internal/precommit_cache/helpers.go:301.2,301.20 1 1
github.com/calypr/git-drs/internal/precommit_cache/helpers.go:306.63,310.16 4 2
github.com/calypr/git-drs/internal/precommit_cache/helpers.go:310.16,316.3 1 0
github.com/calypr/git-drs/internal/precommit_cache/helpers.go:317.2,317.17 1 2
github.com/calypr/git-drs/internal/precommit_cache/helpers.go:320.48,322.48 2 0
github.com/calypr/git-drs/internal/precommit_cache/helpers.go:322.48,324.3 1 0
github.com/calypr/git-drs/internal/precommit_cache/helpers.go:325.2,326.16 2 0
github.com/calypr/git-drs/internal/precommit_cache/helpers.go:326.16,328.3 1 0
github.com/calypr/git-drs/internal/precommit_cache/helpers.go:329.2,332.38 4 0
github.com/calypr/git-drs/internal/precommit_cache/helpers.go:332.38,336.3 3 0
github.com/calypr/git-drs/internal/precommit_cache/helpers.go:337.2,337.36 1 0
github.com/calypr/git-drs/internal/precommit_cache/helpers.go:337.36,340.3 2 0
github.com/calypr/git-drs/internal/precommit_cache/helpers.go:341.2,341.33 1 0
github.com/calypr/git-drs/internal/precommit_cache/helpers.go:344.97,347.42 3 0
github.com/calypr/git-drs/internal/precommit_cache/helpers.go:347.42,349.3 1 0
github.com/calypr/git-drs/internal/precommit_cache/helpers.go:350.2,350.21 1 0
github.com/calypr/git-drs/internal/precommit_cache/helpers.go:350.21,352.3 1 0
github.com/calypr/git-drs/internal/precommit_cache/helpers.go:353.2,354.29 2 0
github.com/calypr/git-drs/internal/precommit_cache/helpers.go:354.29,356.30 2 0
github.com/calypr/git-drs/internal/precommit_cache/helpers.go:356.30,357.12 1 0
github.com/calypr/git-drs/internal/precommit_cache/helpers.go:359.3,359.27 1 0
github.com/calypr/git-drs/internal/precommit_cache/helpers.go:361.2,361.38 1 0
github.com/calypr/git-drs/internal/precommit_cache/helpers.go:361.38,363.3 1 0
github.com/calypr/git-drs/internal/precommit_cache/helpers.go:364.2,365.26 2 0
github.com/calypr/git-drs/internal/precommit_cache/helpers.go:365.26,367.3 1 0
github.com/calypr/git-drs/internal/precommit_cache/helpers.go:368.2,371.31 4 0
github.com/calypr/git-drs/internal/precommit_cache/helpers.go:374.58,375.67 1 0
github.com/calypr/git-drs/internal/precommit_cache/helpers.go:375.67,377.3 1 0
github.com/calypr/git-drs/internal/precommit_cache/helpers.go:378.2,380.16 3 0
github.com/calypr/git-drs/internal/precommit_cache/helpers.go:380.16,381.37 1 0
github.com/calypr/git-drs/internal/precommit_cache/helpers.go:381.37,383.4 1 0
github.com/calypr/git-drs/internal/precommit_cache/helpers.go:384.3,384.13 1 0
github.com/calypr/git-drs/internal/precommit_cache/helpers.go:386.2,387.47 2 0
github.com/calypr/git-drs/internal/precommit_cache/helpers.go:387.47,389.3 1 0
github.com/calypr/git-drs/internal/precommit_cache/helpers.go:390.2,391.36 2 0
github.com/calypr/git-drs/internal/precommit_cache/helpers.go:391.36,392.60 1 0
github.com/calypr/git-drs/internal/precommit_cache/helpers.go:392.60,393.12 1 0
github.com/calypr/git-drs/internal/precommit_cache/helpers.go:395.3,395.40 1 0
github.com/calypr/git-drs/internal/precommit_cache/helpers.go:397.2,399.24 3 0
github.com/calypr/git-drs/internal/precommit_cache/helpers.go:399.24,400.73 1 0
github.com/calypr/git-drs/internal/precommit_cache/helpers.go:400.73,402.4 1 0
github.com/calypr/git-drs/internal/precommit_cache/helpers.go:403.3,403.13 1 0
github.com/calypr/git-drs/internal/precommit_cache/helpers.go:405.2,406.31 2 0
github.com/calypr/git-drs/internal/precommit_cache/helpers.go:409.51,412.2 2 0
github.com/calypr/git-drs/internal/pushsync/batch_sync.go:47.140,56.21 2 0
github.com/calypr/git-drs/internal/pushsync/batch_sync.go:56.21,58.3 1 0
github.com/calypr/git-drs/internal/pushsync/batch_sync.go:60.2,63.49 4 0
github.com/calypr/git-drs/internal/pushsync/batch_sync.go:63.49,65.3 1 0
github.com/calypr/git-drs/internal/pushsync/batch_sync.go:66.2,67.59 2 0
github.com/calypr/git-drs/internal/pushsync/batch_sync.go:67.59,69.3 1 0
github.com/calypr/git-drs/internal/pushsync/batch_sync.go:71.2,73.16 3 0
github.com/calypr/git-drs/internal/pushsync/batch_sync.go:73.16,75.3 1 0
github.com/calypr/git-drs/internal/pushsync/batch_sync.go:76.2,77.26 2 0
github.com/calypr/git-drs/internal/pushsync/batch_sync.go:77.26,79.3 1 0
github.com/calypr/git-drs/internal/pushsync/batch_sync.go:81.2,82.46 2 0
github.com/calypr/git-drs/internal/pushsync/batch_sync.go:85.77,87.26 2 0
github.com/calypr/git-drs/internal/pushsync/batch_sync.go:87.26,89.16 2 0
github.com/calypr/git-drs/internal/pushsync/batch_sync.go:89.16,90.12 1 0
github.com/calypr/git-drs/internal/pushsync/batch_sync.go:92.3,92.45 1 0
github.com/calypr/git-drs/internal/pushsync/batch_sync.go:92.45,93.12 1 0
github.com/calypr/git-drs/internal/pushsync/batch_sync.go:95.3,97.31 3 0
github.com/calypr/git-drs/internal/pushsync/batch_sync.go:99.2,99.22 1 0
github.com/calypr/git-drs/internal/pushsync/batch_sync.go:102.51,105.34 3 0
github.com/calypr/git-drs/internal/pushsync/batch_sync.go:105.34,108.17 3 0
github.com/calypr/git-drs/internal/pushsync/batch_sync.go:108.17,110.4 1 0
github.com/calypr/git-drs/internal/pushsync/batch_sync.go:111.3,111.29 1 0
github.com/calypr/git-drs/internal/pushsync/batch_sync.go:111.29,113.32 2 0
github.com/calypr/git-drs/internal/pushsync/batch_sync.go:113.32,115.21 2 0
github.com/calypr/git-drs/internal/pushsync/batch_sync.go:115.21,116.14 1 0
github.com/calypr/git-drs/internal/pushsync/batch_sync.go:118.5,118.69 1 0
github.com/calypr/git-drs/internal/pushsync/batch_sync.go:122.2,122.12 1 0
github.com/calypr/git-drs/internal/pushsync/batch_sync.go:125.56,126.21 1 0
github.com/calypr/git-drs/internal/pushsync/batch_sync.go:126.21,128.3 1 0
github.com/calypr/git-drs/internal/pushsync/batch_sync.go:129.2,129.37 1 0
github.com/calypr/git-drs/internal/pushsync/batch_sync.go:129.37,131.3 1 0
github.com/calypr/git-drs/internal/pushsync/batch_sync.go:132.2,133.52 2 0
github.com/calypr/git-drs/internal/pushsync/batch_sync.go:133.52,135.23 2 0
github.com/calypr/git-drs/internal/pushsync/batch_sync.go:135.23,137.4 1 0
github.com/calypr/git-drs/internal/pushsync/batch_sync.go:138.3,138.44 1 0
github.com/calypr/git-drs/internal/pushsync/batch_sync.go:140.2,140.15 1 0
github.com/calypr/git-drs/internal/pushsync/batch_sync.go:143.61,146.31 2 3
github.com/calypr/git-drs/internal/pushsync/batch_sync.go:146.31,147.30 1 3
github.com/calypr/git-drs/internal/pushsync/batch_sync.go:147.30,149.4 1 0
github.com/calypr/git-drs/internal/pushsync/batch_sync.go:150.3,151.17 2 3
github.com/calypr/git-drs/internal/pushsync/batch_sync.go:151.17,153.4 1 0
github.com/calypr/git-drs/internal/pushsync/batch_sync.go:154.3,157.21 3 3
github.com/calypr/git-drs/internal/pushsync/batch_sync.go:157.21,160.12 3 1
github.com/calypr/git-drs/internal/pushsync/batch_sync.go:162.3,162.128 1 2
github.com/calypr/git-drs/internal/pushsync/batch_sync.go:162.128,165.12 3 1
github.com/calypr/git-drs/internal/pushsync/batch_sync.go:168.3,169.50 2 1
github.com/calypr/git-drs/internal/pushsync/batch_sync.go:169.50,171.18 2 1
github.com/calypr/git-drs/internal/pushsync/batch_sync.go:171.18,173.5 1 0
github.com/calypr/git-drs/internal/pushsync/batch_sync.go:174.4,176.12 3 1
github.com/calypr/git-drs/internal/pushsync/batch_sync.go:179.3,180.31 2 0
github.com/calypr/git-drs/internal/pushsync/batch_sync.go:183.2,183.26 1 3
github.com/calypr/git-drs/internal/pushsync/batch_sync.go:183.26,185.3 1 0
github.com/calypr/git-drs/internal/pushsync/batch_sync.go:187.2,187.23 1 3
github.com/calypr/git-drs/internal/pushsync/batch_sync.go:187.23,194.3 2 1
github.com/calypr/git-drs/internal/pushsync/batch_sync.go:196.2,200.16 3 3
github.com/calypr/git-drs/internal/pushsync/batch_sync.go:200.16,202.3 1 0
github.com/calypr/git-drs/internal/pushsync/batch_sync.go:203.2,203.31 1 3
github.com/calypr/git-drs/internal/pushsync/batch_sync.go:203.31,205.3 1 0
github.com/calypr/git-drs/internal/pushsync/batch_sync.go:206.2,206.39 1 3
github.com/calypr/git-drs/internal/pushsync/batch_sync.go:206.39,208.3 1 0
github.com/calypr/git-drs/internal/pushsync/batch_sync.go:209.2,209.45 1 3
github.com/calypr/git-drs/internal/pushsync/batch_sync.go:209.45,212.24 3 3
github.com/calypr/git-drs/internal/pushsync/batch_sync.go:212.24,214.4 1 3
github.com/calypr/git-drs/internal/pushsync/batch_sync.go:215.3,215.16 1 3
github.com/calypr/git-drs/internal/pushsync/batch_sync.go:215.16,216.12 1 0
github.com/calypr/git-drs/internal/pushsync/batch_sync.go:218.3,218.79 1 3
github.com/calypr/git-drs/internal/pushsync/batch_sync.go:218.79,220.4 1 0
github.com/calypr/git-drs/internal/pushsync/batch_sync.go:222.2,222.23 1 3
github.com/calypr/git-drs/internal/pushsync/batch_sync.go:222.23,228.3 1 1
github.com/calypr/git-drs/internal/pushsync/batch_sync.go:229.2,229.12 1 3
github.com/calypr/git-drs/internal/pushsync/batch_sync.go:232.111,235.2 2 3
github.com/calypr/git-drs/internal/pushsync/batch_sync.go:237.93,238.25 1 1
github.com/calypr/git-drs/internal/pushsync/batch_sync.go:238.25,240.41 2 1
github.com/calypr/git-drs/internal/pushsync/batch_sync.go:240.41,242.4 1 1
github.com/calypr/git-drs/internal/pushsync/batch_sync.go:244.2,244.12 1 0
github.com/calypr/git-drs/internal/pushsync/batch_sync.go:247.121,250.16 3 1
github.com/calypr/git-drs/internal/pushsync/batch_sync.go:250.16,252.3 1 0
github.com/calypr/git-drs/internal/pushsync/batch_sync.go:253.2,253.54 1 1
github.com/calypr/git-drs/internal/pushsync/batch_sync.go:253.54,255.3 1 1
github.com/calypr/git-drs/internal/pushsync/batch_sync.go:256.2,256.17 1 1
github.com/calypr/git-drs/internal/pushsync/batch_sync.go:259.97,261.111 2 3
github.com/calypr/git-drs/internal/pushsync/batch_sync.go:261.111,263.3 1 0
github.com/calypr/git-drs/internal/pushsync/batch_sync.go:264.2,265.16 2 3
github.com/calypr/git-drs/internal/pushsync/batch_sync.go:265.16,267.3 1 0
github.com/calypr/git-drs/internal/pushsync/batch_sync.go:268.2,269.16 2 3
github.com/calypr/git-drs/internal/pushsync/batch_sync.go:269.16,271.3 1 0
github.com/calypr/git-drs/internal/pushsync/batch_sync.go:272.2,272.17 1 3
github.com/calypr/git-drs/internal/pushsync/batch_sync.go:275.138,276.15 1 8
github.com/calypr/git-drs/internal/pushsync/batch_sync.go:276.15,278.3 1 0
github.com/calypr/git-drs/internal/pushsync/batch_sync.go:279.2,279.34 1 8
github.com/calypr/git-drs/internal/pushsync/batch_sync.go:279.34,281.3 1 0
github.com/calypr/git-drs/internal/pushsync/batch_sync.go:282.2,282.15 1 8
github.com/calypr/git-drs/internal/pushsync/batch_sync.go:282.15,283.45 1 0
github.com/calypr/git-drs/internal/pushsync/batch_sync.go:283.45,285.4 1 0
github.com/calypr/git-drs/internal/pushsync/batch_sync.go:288.2,289.31 2 8
github.com/calypr/git-drs/internal/pushsync/batch_sync.go:289.31,290.89 1 0
github.com/calypr/git-drs/internal/pushsync/batch_sync.go:290.89,292.4 1 0
github.com/calypr/git-drs/internal/pushsync/batch_sync.go:294.2,294.31 1 8
github.com/calypr/git-drs/internal/pushsync/batch_sync.go:294.31,296.3 1 0
github.com/calypr/git-drs/internal/pushsync/batch_sync.go:298.2,299.42 2 8
github.com/calypr/git-drs/internal/pushsync/batch_sync.go:299.42,301.3 1 4
github.com/calypr/git-drs/internal/pushsync/batch_sync.go:303.2,304.16 2 8
github.com/calypr/git-drs/internal/pushsync/batch_sync.go:304.16,306.3 1 0
github.com/calypr/git-drs/internal/pushsync/batch_sync.go:307.2,307.21 1 8
github.com/calypr/git-drs/internal/pushsync/batch_sync.go:307.21,309.3 1 4
github.com/calypr/git-drs/internal/pushsync/batch_sync.go:311.2,311.68 1 4
github.com/calypr/git-drs/internal/pushsync/batch_sync.go:311.68,313.3 1 2
github.com/calypr/git-drs/internal/pushsync/batch_sync.go:315.2,319.29 5 4
github.com/calypr/git-drs/internal/pushsync/batch_sync.go:319.29,321.3 1 0
github.com/calypr/git-drs/internal/pushsync/batch_sync.go:322.2,322.36 1 4
github.com/calypr/git-drs/internal/pushsync/batch_sync.go:322.36,324.3 1 0
github.com/calypr/git-drs/internal/pushsync/batch_sync.go:325.2,325.33 1 4
github.com/calypr/git-drs/internal/pushsync/batch_sync.go:325.33,327.3 1 0
github.com/calypr/git-drs/internal/pushsync/batch_sync.go:328.2,328.17 1 4
github.com/calypr/git-drs/internal/pushsync/batch_sync.go:331.93,332.41 1 0
github.com/calypr/git-drs/internal/pushsync/batch_sync.go:332.41,334.3 1 0
github.com/calypr/git-drs/internal/pushsync/batch_sync.go:335.2,335.83 1 0
github.com/calypr/git-drs/internal/pushsync/batch_sync.go:335.83,337.3 1 0
github.com/calypr/git-drs/internal/pushsync/batch_sync.go:338.2,338.62 1 0
github.com/calypr/git-drs/internal/pushsync/batch_sync.go:341.44,342.35 1 0
github.com/calypr/git-drs/internal/pushsync/batch_sync.go:342.35,344.3 1 0
github.com/calypr/git-drs/internal/pushsync/batch_sync.go:345.2,345.37 1 0
github.com/calypr/git-drs/internal/pushsync/batch_sync.go:348.123,350.23 2 4
github.com/calypr/git-drs/internal/pushsync/batch_sync.go:350.23,352.3 1 0
github.com/calypr/git-drs/internal/pushsync/batch_sync.go:353.2,354.33 2 4
github.com/calypr/git-drs/internal/pushsync/batch_sync.go:354.33,356.3 1 0
github.com/calypr/git-drs/internal/pushsync/batch_sync.go:357.2,358.17 2 4
github.com/calypr/git-drs/internal/pushsync/batch_sync.go:358.17,360.3 1 0
github.com/calypr/git-drs/internal/pushsync/batch_sync.go:361.2,364.50 4 4
github.com/calypr/git-drs/internal/pushsync/batch_sync.go:364.50,366.3 1 1
github.com/calypr/git-drs/internal/pushsync/batch_sync.go:367.2,367.38 1 3
github.com/calypr/git-drs/internal/pushsync/batch_sync.go:367.38,369.3 1 1
github.com/calypr/git-drs/internal/pushsync/batch_sync.go:370.2,370.104 1 2
github.com/calypr/git-drs/internal/pushsync/batch_sync.go:370.104,372.3 1 0
github.com/calypr/git-drs/internal/pushsync/batch_sync.go:373.2,373.102 1 2
github.com/calypr/git-drs/internal/pushsync/batch_sync.go:373.102,375.3 1 0
github.com/calypr/git-drs/internal/pushsync/batch_sync.go:376.2,376.13 1 2
github.com/calypr/git-drs/internal/pushsync/batch_sync.go:379.51,380.76 1 8
github.com/calypr/git-drs/internal/pushsync/batch_sync.go:380.76,382.3 1 0
github.com/calypr/git-drs/internal/pushsync/batch_sync.go:383.2,384.25 2 8
github.com/calypr/git-drs/internal/pushsync/batch_sync.go:384.25,386.3 1 0
github.com/calypr/git-drs/internal/pushsync/batch_sync.go:387.2,387.44 1 8
github.com/calypr/git-drs/internal/pushsync/batch_sync.go:390.71,392.50 2 8
github.com/calypr/git-drs/internal/pushsync/batch_sync.go:392.50,394.3 1 0
github.com/calypr/git-drs/internal/pushsync/batch_sync.go:395.2,395.35 1 8
github.com/calypr/git-drs/internal/pushsync/batch_sync.go:396.28,397.49 1 8
github.com/calypr/git-drs/internal/pushsync/batch_sync.go:398.10,399.23 1 0
github.com/calypr/git-drs/internal/pushsync/batch_sync.go:403.82,405.29 2 0
github.com/calypr/git-drs/internal/pushsync/batch_sync.go:405.29,407.17 2 0
github.com/calypr/git-drs/internal/pushsync/batch_sync.go:407.17,409.4 1 0
github.com/calypr/git-drs/internal/pushsync/batch_sync.go:410.3,410.19 1 0
github.com/calypr/git-drs/internal/pushsync/batch_sync.go:410.19,411.12 1 0
github.com/calypr/git-drs/internal/pushsync/batch_sync.go:414.3,416.17 3 0
github.com/calypr/git-drs/internal/pushsync/batch_sync.go:416.17,418.4 1 0
github.com/calypr/git-drs/internal/pushsync/batch_sync.go:419.3,419.17 1 0
github.com/calypr/git-drs/internal/pushsync/batch_sync.go:419.17,421.12 2 0
github.com/calypr/git-drs/internal/pushsync/batch_sync.go:424.3,425.17 2 0
github.com/calypr/git-drs/internal/pushsync/batch_sync.go:425.17,427.4 1 0
github.com/calypr/git-drs/internal/pushsync/batch_sync.go:429.3,435.5 1 0
github.com/calypr/git-drs/internal/pushsync/batch_sync.go:437.2,437.24 1 0
github.com/calypr/git-drs/internal/pushsync/batch_sync.go:440.66,441.29 1 2
github.com/calypr/git-drs/internal/pushsync/batch_sync.go:441.29,443.3 1 1
github.com/calypr/git-drs/internal/pushsync/batch_sync.go:444.2,444.27 1 1
github.com/calypr/git-drs/internal/pushsync/batch_sync.go:444.27,446.3 1 0
github.com/calypr/git-drs/internal/pushsync/batch_sync.go:447.2,447.37 1 1
github.com/calypr/git-drs/internal/pushsync/batch_sync.go:447.37,449.3 1 0
github.com/calypr/git-drs/internal/pushsync/batch_sync.go:450.2,450.19 1 1
github.com/calypr/git-drs/internal/pushsync/batch_sync.go:453.60,454.76 1 1
github.com/calypr/git-drs/internal/pushsync/batch_sync.go:454.76,456.3 1 0
github.com/calypr/git-drs/internal/pushsync/batch_sync.go:457.2,457.40 1 1
github.com/calypr/git-drs/internal/pushsync/batch_sync.go:457.40,458.70 1 1
github.com/calypr/git-drs/internal/pushsync/batch_sync.go:458.70,459.12 1 0
github.com/calypr/git-drs/internal/pushsync/batch_sync.go:461.3,461.48 1 1
github.com/calypr/git-drs/internal/pushsync/batch_sync.go:461.48,463.4 1 1
github.com/calypr/git-drs/internal/pushsync/batch_sync.go:465.2,465.14 1 0
github.com/calypr/git-drs/internal/pushsync/batch_sync.go:468.82,470.20 2 2
github.com/calypr/git-drs/internal/pushsync/batch_sync.go:470.20,472.3 1 0
github.com/calypr/git-drs/internal/pushsync/batch_sync.go:473.2,474.22 2 2
github.com/calypr/git-drs/internal/pushsync/batch_sync.go:474.22,476.3 1 0
github.com/calypr/git-drs/internal/pushsync/batch_sync.go:478.2,480.23 3 2
github.com/calypr/git-drs/internal/pushsync/batch_sync.go:480.23,482.3 1 1
github.com/calypr/git-drs/internal/pushsync/batch_sync.go:484.2,484.20 1 2
github.com/calypr/git-drs/internal/pushsync/batch_sync.go:484.20,487.27 3 2
github.com/calypr/git-drs/internal/pushsync/batch_sync.go:487.27,489.23 2 4
github.com/calypr/git-drs/internal/pushsync/batch_sync.go:489.23,492.85 3 4
github.com/calypr/git-drs/internal/pushsync/batch_sync.go:492.85,494.6 1 0
github.com/calypr/git-drs/internal/pushsync/batch_sync.go:495.5,496.15 2 4
github.com/calypr/git-drs/internal/pushsync/batch_sync.go:499.3,499.35 1 2
github.com/calypr/git-drs/internal/pushsync/batch_sync.go:499.35,501.4 1 0
github.com/calypr/git-drs/internal/pushsync/batch_sync.go:504.2,504.26 1 2
github.com/calypr/git-drs/internal/pushsync/batch_sync.go:504.26,507.83 3 0
github.com/calypr/git-drs/internal/pushsync/batch_sync.go:507.83,509.4 1 0
github.com/calypr/git-drs/internal/pushsync/batch_sync.go:510.3,510.29 1 0
github.com/calypr/git-drs/internal/pushsync/batch_sync.go:512.2,512.12 1 2
github.com/calypr/git-drs/internal/pushsync/batch_sync.go:515.77,518.31 3 1
github.com/calypr/git-drs/internal/pushsync/batch_sync.go:518.31,525.3 2 1
github.com/calypr/git-drs/internal/pushsync/batch_sync.go:526.2,530.3 1 1
github.com/calypr/git-drs/internal/pushsync/batch_sync.go:533.112,534.23 1 4
github.com/calypr/git-drs/internal/pushsync/batch_sync.go:534.23,536.3 1 3
github.com/calypr/git-drs/internal/pushsync/batch_sync.go:537.2,538.74 2 1
github.com/calypr/git-drs/internal/pushsync/batch_sync.go:538.74,539.29 1 7
github.com/calypr/git-drs/internal/pushsync/batch_sync.go:539.29,541.4 1 4
github.com/calypr/git-drs/internal/pushsync/batch_sync.go:542.3,550.13 2 3
github.com/calypr/git-drs/internal/pushsync/batch_sync.go:554.67,555.23 1 4
github.com/calypr/git-drs/internal/pushsync/batch_sync.go:555.23,557.3 1 3
github.com/calypr/git-drs/internal/pushsync/batch_sync.go:558.2,565.4 1 1
github.com/calypr/git-drs/internal/pushsync/batch_sync.go:568.69,569.23 1 4
github.com/calypr/git-drs/internal/pushsync/batch_sync.go:569.23,571.3 1 3
github.com/calypr/git-drs/internal/pushsync/batch_sync.go:572.2,579.4 1 1
github.com/calypr/git-drs/internal/pushsync/batch_sync.go:582.113,583.31 1 2
github.com/calypr/git-drs/internal/pushsync/batch_sync.go:583.31,584.25 1 4
github.com/calypr/git-drs/internal/pushsync/batch_sync.go:584.25,586.4 1 4
github.com/calypr/git-drs/internal/pushsync/batch_sync.go:586.9,588.4 1 0
github.com/calypr/git-drs/internal/pushsync/batch_sync.go:590.2,590.8 1 2
github.com/calypr/git-drs/internal/pushsync/register.go:26.79,27.56 1 0
github.com/calypr/git-drs/internal/pushsync/register.go:27.56,29.3 1 0
github.com/calypr/git-drs/internal/pushsync/register.go:30.2,30.29 1 0
github.com/calypr/git-drs/internal/pushsync/register.go:38.165,40.2 1 7
github.com/calypr/git-drs/internal/pushsync/register.go:65.57,66.15 1 5
github.com/calypr/git-drs/internal/pushsync/register.go:66.15,68.3 1 2
github.com/calypr/git-drs/internal/pushsync/register.go:69.2,86.3 1 3
github.com/calypr/git-drs/internal/pushsync/register.go:90.106,92.74 1 0
github.com/calypr/git-drs/internal/pushsync/register.go:92.74,94.3 1 0
github.com/calypr/git-drs/internal/pushsync/register.go:95.2,97.16 3 0
github.com/calypr/git-drs/internal/pushsync/register.go:97.16,100.3 1 0
github.com/calypr/git-drs/internal/pushsync/register.go:101.2,101.24 1 0
github.com/calypr/git-drs/internal/pushsync/register.go:101.24,103.3 1 0
github.com/calypr/git-drs/internal/pushsync/register.go:104.2,105.24 2 0
github.com/calypr/git-drs/internal/pushsync/register.go:108.93,110.41 2 7
github.com/calypr/git-drs/internal/pushsync/register.go:110.41,112.16 2 7
github.com/calypr/git-drs/internal/pushsync/register.go:112.16,114.4 1 0
github.com/calypr/git-drs/internal/pushsync/register.go:115.3,115.74 1 7
github.com/calypr/git-drs/internal/pushsync/register.go:115.74,117.4 1 5
github.com/calypr/git-drs/internal/pushsync/register.go:118.3,118.28 1 2
github.com/calypr/git-drs/internal/pushsync/register.go:121.2,121.75 1 7
github.com/calypr/git-drs/internal/pushsync/register.go:121.75,123.47 2 1
github.com/calypr/git-drs/internal/pushsync/register.go:123.47,125.4 1 1
github.com/calypr/git-drs/internal/pushsync/register.go:126.3,126.16 1 1
github.com/calypr/git-drs/internal/pushsync/register.go:126.16,127.81 1 1
github.com/calypr/git-drs/internal/pushsync/register.go:127.81,131.111 2 1
github.com/calypr/git-drs/internal/pushsync/register.go:131.111,133.6 1 0
github.com/calypr/git-drs/internal/pushsync/register.go:137.2,137.16 1 7
github.com/calypr/git-drs/internal/pushsync/register.go:137.16,139.3 1 7
github.com/calypr/git-drs/internal/pushsync/register.go:140.2,140.11 1 0
github.com/calypr/git-drs/internal/pushsync/register.go:143.101,145.15 2 1
github.com/calypr/git-drs/internal/pushsync/register.go:145.15,147.3 1 0
github.com/calypr/git-drs/internal/pushsync/register.go:149.2,150.16 2 1
github.com/calypr/git-drs/internal/pushsync/register.go:150.16,151.89 1 1
github.com/calypr/git-drs/internal/pushsync/register.go:151.89,153.4 1 0
github.com/calypr/git-drs/internal/pushsync/register.go:156.2,156.15 1 1
github.com/calypr/git-drs/internal/pushsync/register.go:156.15,158.3 1 1
github.com/calypr/git-drs/internal/pushsync/register.go:160.2,161.20 2 0
github.com/calypr/git-drs/internal/pushsync/register.go:161.20,163.3 1 0
github.com/calypr/git-drs/internal/pushsync/register.go:164.2,164.16 1 0
github.com/calypr/git-drs/internal/pushsync/register.go:164.16,166.3 1 0
github.com/calypr/git-drs/internal/pushsync/register.go:167.2,167.32 1 0
github.com/calypr/git-drs/internal/pushsync/register.go:170.141,172.24 2 7
github.com/calypr/git-drs/internal/pushsync/register.go:172.24,175.17 3 0
github.com/calypr/git-drs/internal/pushsync/register.go:175.17,177.4 1 0
github.com/calypr/git-drs/internal/pushsync/register.go:178.3,178.19 1 0
github.com/calypr/git-drs/internal/pushsync/register.go:178.19,181.4 2 0
github.com/calypr/git-drs/internal/pushsync/register.go:184.2,186.38 3 7
github.com/calypr/git-drs/internal/pushsync/register.go:186.38,188.3 1 7
github.com/calypr/git-drs/internal/pushsync/register.go:189.2,190.20 2 7
github.com/calypr/git-drs/internal/pushsync/register.go:190.20,192.3 1 0
github.com/calypr/git-drs/internal/pushsync/register.go:193.2,195.25 3 7
github.com/calypr/git-drs/internal/pushsync/register.go:195.25,202.3 1 4
github.com/calypr/git-drs/internal/pushsync/register.go:204.2,218.20 6 7
github.com/calypr/git-drs/internal/pushsync/register.go:218.20,220.3 1 0
github.com/calypr/git-drs/internal/pushsync/register.go:221.2,221.97 1 7
github.com/calypr/git-drs/internal/pushsync/register.go:221.97,223.3 1 7
github.com/calypr/git-drs/internal/pushsync/register.go:224.2,224.20 1 7
github.com/calypr/git-drs/internal/pushsync/register.go:224.20,225.146 1 0
github.com/calypr/git-drs/internal/pushsync/register.go:225.146,227.4 1 0
github.com/calypr/git-drs/internal/pushsync/register.go:228.3,228.13 1 0
github.com/calypr/git-drs/internal/pushsync/register.go:230.2,230.146 1 7
github.com/calypr/git-drs/internal/pushsync/register.go:230.146,232.3 1 0
github.com/calypr/git-drs/internal/pushsync/register.go:233.2,233.12 1 7
github.com/calypr/git-drs/internal/pushsync/register.go:236.141,239.41 3 7
github.com/calypr/git-drs/internal/pushsync/register.go:239.41,241.3 1 0
github.com/calypr/git-drs/internal/pushsync/register.go:243.2,243.79 1 7
github.com/calypr/git-drs/internal/pushsync/register.go:243.79,249.157 6 1
github.com/calypr/git-drs/internal/pushsync/register.go:249.157,251.4 1 0
github.com/calypr/git-drs/internal/pushsync/register.go:252.3,252.58 1 1
github.com/calypr/git-drs/internal/pushsync/register.go:252.58,254.4 1 0
github.com/calypr/git-drs/internal/pushsync/register.go:255.3,255.23 1 1
github.com/calypr/git-drs/internal/pushsync/register.go:258.2,261.9 2 6
github.com/calypr/git-drs/internal/pushsync/register.go:261.9,263.3 1 0
github.com/calypr/git-drs/internal/pushsync/register.go:264.2,269.69 2 6
github.com/calypr/git-drs/internal/pushsync/register.go:272.66,275.41 3 7
github.com/calypr/git-drs/internal/pushsync/register.go:275.41,277.3 1 0
github.com/calypr/git-drs/internal/pushsync/register.go:278.2,282.3 1 7
github.com/calypr/git-drs/internal/pushsync/register.go:285.82,287.68 2 3
github.com/calypr/git-drs/internal/pushsync/register.go:287.68,289.3 1 3
github.com/calypr/git-drs/internal/pushsync/register.go:290.2,290.56 1 3
github.com/calypr/git-drs/internal/pushsync/register.go:290.56,292.3 1 0
github.com/calypr/git-drs/internal/pushsync/register.go:295.90,297.16 2 0
github.com/calypr/git-drs/internal/pushsync/register.go:297.16,299.3 1 0
github.com/calypr/git-drs/internal/pushsync/register.go:300.2,301.23 2 0
github.com/calypr/git-drs/internal/pushsync/register.go:301.23,303.3 1 0
github.com/calypr/git-drs/internal/pushsync/register.go:304.2,305.16 2 0
github.com/calypr/git-drs/internal/pushsync/register.go:305.16,307.3 1 0
github.com/calypr/git-drs/internal/pushsync/register.go:308.2,309.28 2 0
github.com/calypr/git-drs/internal/pushsync/register.go:309.28,311.3 1 0
github.com/calypr/git-drs/internal/pushsync/register.go:312.2,312.12 1 0
github.com/calypr/git-drs/cmd/remote/list.go:15.75,17.3 1 0
github.com/calypr/git-drs/cmd/remote/list.go:24.54,25.21 1 2
github.com/calypr/git-drs/cmd/remote/list.go:25.21,28.4 2 1
github.com/calypr/git-drs/cmd/remote/list.go:29.3,29.13 1 1
github.com/calypr/git-drs/cmd/remote/list.go:31.54,34.17 3 1
github.com/calypr/git-drs/cmd/remote/list.go:34.17,37.4 2 0
github.com/calypr/git-drs/cmd/remote/list.go:39.3,39.47 1 1
github.com/calypr/git-drs/cmd/remote/list.go:39.47,43.17 3 1
github.com/calypr/git-drs/cmd/remote/list.go:43.17,45.5 1 1
github.com/calypr/git-drs/cmd/remote/list.go:48.4,50.32 3 1
github.com/calypr/git-drs/cmd/remote/list.go:50.32,53.5 2 1
github.com/calypr/git-drs/cmd/remote/list.go:53.10,53.40 1 0
github.com/calypr/git-drs/cmd/remote/list.go:53.40,56.5 2 0
github.com/calypr/git-drs/cmd/remote/list.go:56.10,58.5 1 0
github.com/calypr/git-drs/cmd/remote/list.go:60.4,61.21 2 1
github.com/calypr/git-drs/cmd/remote/list.go:61.21,63.5 1 1
github.com/calypr/git-drs/cmd/remote/list.go:65.4,66.32 2 1
github.com/calypr/git-drs/cmd/remote/list.go:66.32,68.19 2 1
github.com/calypr/git-drs/cmd/remote/list.go:68.19,70.14 2 0
github.com/calypr/git-drs/cmd/remote/list.go:72.5,72.76 1 1
github.com/calypr/git-drs/cmd/remote/list.go:72.76,74.6 1 0
github.com/calypr/git-drs/cmd/remote/list.go:77.3,77.13 1 1
github.com/calypr/git-drs/cmd/remote/remove.go:17.54,18.21 1 3
github.com/calypr/git-drs/cmd/remote/remove.go:18.21,21.4 2 2
github.com/calypr/git-drs/cmd/remote/remove.go:22.3,22.13 1 1
github.com/calypr/git-drs/cmd/remote/remove.go:24.54,29.17 4 2
github.com/calypr/git-drs/cmd/remote/remove.go:29.17,31.4 1 0
github.com/calypr/git-drs/cmd/remote/remove.go:33.3,33.44 1 2
github.com/calypr/git-drs/cmd/remote/remove.go:33.44,35.34 2 0
github.com/calypr/git-drs/cmd/remote/remove.go:35.34,37.5 1 0
github.com/calypr/git-drs/cmd/remote/remove.go:38.4,43.5 2 0
github.com/calypr/git-drs/cmd/remote/remove.go:46.3,47.17 2 2
github.com/calypr/git-drs/cmd/remote/remove.go:47.17,49.4 1 0
github.com/calypr/git-drs/cmd/remote/remove.go:51.3,51.34 1 2
github.com/calypr/git-drs/cmd/remote/remove.go:51.34,54.4 2 1
github.com/calypr/git-drs/cmd/remote/remove.go:56.3,57.13 2 1
github.com/calypr/git-drs/cmd/remote/root.go:14.13,19.2 4 1
github.com/calypr/git-drs/cmd/remote/set.go:15.54,16.21 1 3
github.com/calypr/git-drs/cmd/remote/set.go:16.21,19.4 2 2
github.com/calypr/git-drs/cmd/remote/set.go:20.3,20.13 1 1
github.com/calypr/git-drs/cmd/remote/set.go:22.54,27.17 4 0
github.com/calypr/git-drs/cmd/remote/set.go:27.17,29.4 1 0
github.com/calypr/git-drs/cmd/remote/set.go:32.3,33.40 2 0
github.com/calypr/git-drs/cmd/remote/set.go:33.40,35.34 2 0
github.com/calypr/git-drs/cmd/remote/set.go:35.34,37.5 1 0
github.com/calypr/git-drs/cmd/remote/set.go:38.4,42.5 1 0
github.com/calypr/git-drs/cmd/remote/set.go:46.3,48.48 2 0
github.com/calypr/git-drs/cmd/remote/set.go:48.48,50.4 1 0
github.com/calypr/git-drs/cmd/remote/set.go:52.3,53.13 2 0
github.com/calypr/git-drs/internal/gitrepo/bucket_map.go:16.49,22.2 5 61
github.com/calypr/git-drs/internal/gitrepo/bucket_map.go:24.45,26.2 1 23
github.com/calypr/git-drs/internal/gitrepo/bucket_map.go:28.58,30.2 1 19
github.com/calypr/git-drs/internal/gitrepo/bucket_map.go:32.66,37.15 5 10
github.com/calypr/git-drs/internal/gitrepo/bucket_map.go:37.15,39.3 1 0
github.com/calypr/git-drs/internal/gitrepo/bucket_map.go:40.2,40.18 1 10
github.com/calypr/git-drs/internal/gitrepo/bucket_map.go:40.18,42.3 1 0
github.com/calypr/git-drs/internal/gitrepo/bucket_map.go:44.2,46.19 3 10
github.com/calypr/git-drs/internal/gitrepo/bucket_map.go:46.19,49.19 3 4
github.com/calypr/git-drs/internal/gitrepo/bucket_map.go:49.19,51.4 1 3
github.com/calypr/git-drs/internal/gitrepo/bucket_map.go:52.8,55.19 3 6
github.com/calypr/git-drs/internal/gitrepo/bucket_map.go:55.19,57.4 1 4
github.com/calypr/git-drs/internal/gitrepo/bucket_map.go:59.2,59.53 1 10
github.com/calypr/git-drs/internal/gitrepo/bucket_map.go:59.53,61.3 1 0
github.com/calypr/git-drs/internal/gitrepo/bucket_map.go:62.2,62.37 1 10
github.com/calypr/git-drs/internal/gitrepo/bucket_map.go:62.37,64.3 1 3
github.com/calypr/git-drs/internal/gitrepo/bucket_map.go:65.2,65.12 1 7
github.com/calypr/git-drs/internal/gitrepo/bucket_map.go:68.73,71.15 3 8
github.com/calypr/git-drs/internal/gitrepo/bucket_map.go:71.15,73.3 1 0
github.com/calypr/git-drs/internal/gitrepo/bucket_map.go:76.2,76.19 1 8
github.com/calypr/git-drs/internal/gitrepo/bucket_map.go:76.19,78.17 2 4
github.com/calypr/git-drs/internal/gitrepo/bucket_map.go:78.17,80.4 1 0
github.com/calypr/git-drs/internal/gitrepo/bucket_map.go:81.3,81.38 1 4
github.com/calypr/git-drs/internal/gitrepo/bucket_map.go:81.38,83.18 2 2
github.com/calypr/git-drs/internal/gitrepo/bucket_map.go:83.18,85.5 1 0
github.com/calypr/git-drs/internal/gitrepo/bucket_map.go:86.4,89.16 1 2
github.com/calypr/git-drs/internal/gitrepo/bucket_map.go:94.2,95.16 2 6
github.com/calypr/git-drs/internal/gitrepo/bucket_map.go:95.16,97.3 1 0
github.com/calypr/git-drs/internal/gitrepo/bucket_map.go:98.2,98.37 1 6
github.com/calypr/git-drs/internal/gitrepo/bucket_map.go:98.37,100.3 1 1
github.com/calypr/git-drs/internal/gitrepo/bucket_map.go:101.2,102.16 2 5
github.com/calypr/git-drs/internal/gitrepo/bucket_map.go:102.16,104.3 1 0
github.com/calypr/git-drs/internal/gitrepo/bucket_map.go:105.2,108.14 1 5
github.com/calypr/git-drs/internal/gitrepo/bucket_scope.go:16.120,22.24 5 4
github.com/calypr/git-drs/internal/gitrepo/bucket_scope.go:22.24,23.29 1 0
github.com/calypr/git-drs/internal/gitrepo/bucket_scope.go:23.29,25.4 1 0
github.com/calypr/git-drs/internal/gitrepo/bucket_scope.go:26.3,29.9 1 0
github.com/calypr/git-drs/internal/gitrepo/bucket_scope.go:32.2,33.16 2 4
github.com/calypr/git-drs/internal/gitrepo/bucket_scope.go:33.16,35.3 1 0
github.com/calypr/git-drs/internal/gitrepo/bucket_scope.go:37.2,39.19 3 4
github.com/calypr/git-drs/internal/gitrepo/bucket_scope.go:39.19,41.17 2 4
github.com/calypr/git-drs/internal/gitrepo/bucket_scope.go:41.17,43.4 1 0
github.com/calypr/git-drs/internal/gitrepo/bucket_scope.go:46.2,46.19 1 4
github.com/calypr/git-drs/internal/gitrepo/bucket_scope.go:46.19,48.19 2 3
github.com/calypr/git-drs/internal/gitrepo/bucket_scope.go:48.19,50.4 1 0
github.com/calypr/git-drs/internal/gitrepo/bucket_scope.go:51.3,54.9 1 3
github.com/calypr/git-drs/internal/gitrepo/bucket_scope.go:57.2,57.23 1 1
github.com/calypr/git-drs/internal/gitrepo/bucket_scope.go:57.23,59.19 2 0
github.com/calypr/git-drs/internal/gitrepo/bucket_scope.go:59.19,61.4 1 0
github.com/calypr/git-drs/internal/gitrepo/bucket_scope.go:62.3,65.9 1 0
github.com/calypr/git-drs/internal/gitrepo/bucket_scope.go:68.2,68.28 1 1
github.com/calypr/git-drs/internal/gitrepo/bucket_scope.go:68.28,69.20 1 0
github.com/calypr/git-drs/internal/gitrepo/bucket_scope.go:69.20,71.4 1 0
github.com/calypr/git-drs/internal/gitrepo/bucket_scope.go:72.3,72.232 1 0
github.com/calypr/git-drs/internal/gitrepo/bucket_scope.go:74.2,77.8 1 1
github.com/calypr/git-drs/internal/gitrepo/bucket_scope.go:80.78,83.32 3 4
github.com/calypr/git-drs/internal/gitrepo/bucket_scope.go:83.32,85.3 1 0
github.com/calypr/git-drs/internal/gitrepo/bucket_scope.go:86.2,87.16 2 4
github.com/calypr/git-drs/internal/gitrepo/bucket_scope.go:87.16,89.3 1 0
github.com/calypr/git-drs/internal/gitrepo/bucket_scope.go:90.2,90.37 1 4
github.com/calypr/git-drs/internal/gitrepo/bucket_scope.go:90.37,92.3 1 3
github.com/calypr/git-drs/internal/gitrepo/bucket_scope.go:93.2,94.16 2 1
github.com/calypr/git-drs/internal/gitrepo/bucket_scope.go:94.16,96.3 1 0
github.com/calypr/git-drs/internal/gitrepo/bucket_scope.go:97.2,100.14 1 1
github.com/calypr/git-drs/internal/gitrepo/bucket_scope.go:103.49,105.29 2 3
github.com/calypr/git-drs/internal/gitrepo/bucket_scope.go:105.29,107.17 2 6
github.com/calypr/git-drs/internal/gitrepo/bucket_scope.go:107.17,109.4 1 3
github.com/calypr/git-drs/internal/gitrepo/bucket_scope.go:111.2,111.34 1 3
github.com/calypr/git-drs/internal/gitrepo/lfs_auth.go:10.47,12.2 1 0
github.com/calypr/git-drs/internal/gitrepo/lfs_auth.go:14.50,16.2 1 2
github.com/calypr/git-drs/internal/gitrepo/lfs_auth.go:18.50,20.2 1 2
github.com/calypr/git-drs/internal/gitrepo/lfs_auth.go:22.43,24.16 2 0
github.com/calypr/git-drs/internal/gitrepo/lfs_auth.go:24.16,26.3 1 0
github.com/calypr/git-drs/internal/gitrepo/lfs_auth.go:27.2,27.27 1 0
github.com/calypr/git-drs/internal/gitrepo/lfs_auth.go:31.56,33.2 1 0
github.com/calypr/git-drs/internal/gitrepo/lfs_auth.go:36.53,37.41 1 0
github.com/calypr/git-drs/internal/gitrepo/lfs_auth.go:37.41,39.3 1 0
github.com/calypr/git-drs/internal/gitrepo/lfs_auth.go:40.2,40.36 1 0
github.com/calypr/git-drs/internal/gitrepo/lfs_auth.go:40.36,42.3 1 0
github.com/calypr/git-drs/internal/gitrepo/lfs_auth.go:43.2,44.37 2 0
github.com/calypr/git-drs/internal/gitrepo/lfs_auth.go:47.68,49.16 2 1
github.com/calypr/git-drs/internal/gitrepo/lfs_auth.go:49.16,51.3 1 0
github.com/calypr/git-drs/internal/gitrepo/lfs_auth.go:52.2,53.16 2 1
github.com/calypr/git-drs/internal/gitrepo/lfs_auth.go:53.16,55.3 1 0
github.com/calypr/git-drs/internal/gitrepo/lfs_auth.go:56.2,56.70 1 1
github.com/calypr/git-drs/internal/gitrepo/lfs_auth.go:59.70,60.41 1 1
github.com/calypr/git-drs/internal/gitrepo/lfs_auth.go:60.41,62.3 1 0
github.com/calypr/git-drs/internal/gitrepo/lfs_auth.go:63.2,63.39 1 1
github.com/calypr/git-drs/internal/gitrepo/lfs_auth.go:63.39,65.3 1 0
github.com/calypr/git-drs/internal/gitrepo/lfs_auth.go:66.2,66.39 1 1
github.com/calypr/git-drs/internal/gitrepo/lfs_auth.go:66.39,68.3 1 0
github.com/calypr/git-drs/internal/gitrepo/lfs_auth.go:69.2,73.37 2 1
github.com/calypr/git-drs/internal/gitrepo/lfs_auth.go:83.47,85.16 2 0
github.com/calypr/git-drs/internal/gitrepo/lfs_auth.go:85.16,87.3 1 0
github.com/calypr/git-drs/internal/gitrepo/lfs_auth.go:88.2,89.16 2 0
github.com/calypr/git-drs/internal/gitrepo/lfs_auth.go:89.16,91.3 1 0
github.com/calypr/git-drs/internal/gitrepo/lfs_auth.go:93.2,96.65 3 0
github.com/calypr/git-drs/internal/gitrepo/lfs_auth.go:96.65,98.3 1 0
github.com/calypr/git-drs/internal/gitrepo/lfs_auth.go:99.2,101.36 2 0
github.com/calypr/git-drs/internal/gitrepo/lfs_auth.go:104.69,105.37 1 0
github.com/calypr/git-drs/internal/gitrepo/lfs_auth.go:105.37,106.17 1 0
github.com/calypr/git-drs/internal/gitrepo/lfs_auth.go:106.17,108.4 1 0
github.com/calypr/git-drs/internal/gitrepo/lfs_auth.go:110.2,110.14 1 0
github.com/calypr/git-drs/internal/gitrepo/lfs_auth.go:114.57,116.18 2 0
github.com/calypr/git-drs/internal/gitrepo/lfs_auth.go:116.18,118.3 1 0
github.com/calypr/git-drs/internal/gitrepo/lfs_auth.go:119.2,119.41 1 0
github.com/calypr/git-drs/internal/gitrepo/lfs_auth.go:119.41,121.3 1 0
github.com/calypr/git-drs/internal/gitrepo/lfs_auth.go:122.2,125.37 2 0
github.com/calypr/git-drs/internal/gitrepo/repo.go:14.36,16.16 2 0
github.com/calypr/git-drs/internal/gitrepo/repo.go:16.16,18.3 1 0
github.com/calypr/git-drs/internal/gitrepo/repo.go:19.2,19.49 1 0
github.com/calypr/git-drs/internal/gitrepo/repo.go:23.41,25.16 2 12
github.com/calypr/git-drs/internal/gitrepo/repo.go:25.16,27.3 1 0
github.com/calypr/git-drs/internal/gitrepo/repo.go:28.2,28.81 1 12
github.com/calypr/git-drs/internal/gitrepo/repo.go:32.36,34.16 2 0
github.com/calypr/git-drs/internal/gitrepo/repo.go:34.16,36.3 1 0
github.com/calypr/git-drs/internal/gitrepo/repo.go:37.2,38.16 2 0
github.com/calypr/git-drs/internal/gitrepo/repo.go:38.16,40.3 1 0
github.com/calypr/git-drs/internal/gitrepo/repo.go:41.2,41.34 1 0
github.com/calypr/git-drs/internal/gitrepo/repo.go:46.53,49.16 3 24
github.com/calypr/git-drs/internal/gitrepo/repo.go:49.16,52.3 1 9
github.com/calypr/git-drs/internal/gitrepo/repo.go:53.2,53.44 1 15
github.com/calypr/git-drs/internal/gitrepo/repo.go:57.60,59.32 2 0
github.com/calypr/git-drs/internal/gitrepo/repo.go:59.32,61.3 1 0
github.com/calypr/git-drs/internal/gitrepo/repo.go:62.2,63.16 2 0
github.com/calypr/git-drs/internal/gitrepo/repo.go:63.16,65.3 1 0
github.com/calypr/git-drs/internal/gitrepo/repo.go:66.2,66.12 1 0
github.com/calypr/git-drs/internal/gitrepo/repo.go:70.59,72.32 2 0
github.com/calypr/git-drs/internal/gitrepo/repo.go:72.32,74.3 1 0
github.com/calypr/git-drs/internal/gitrepo/repo.go:75.2,76.16 2 0
github.com/calypr/git-drs/internal/gitrepo/repo.go:76.16,78.3 1 0
github.com/calypr/git-drs/internal/gitrepo/repo.go:79.2,79.12 1 0
github.com/calypr/git-drs/internal/gitrepo/repo.go:82.59,84.16 2 11
github.com/calypr/git-drs/internal/gitrepo/repo.go:84.16,86.3 1 0
github.com/calypr/git-drs/internal/gitrepo/repo.go:87.2,88.16 2 11
github.com/calypr/git-drs/internal/gitrepo/repo.go:88.16,90.3 1 0
github.com/calypr/git-drs/internal/gitrepo/repo.go:92.2,92.34 1 11
github.com/calypr/git-drs/internal/gitrepo/repo.go:92.34,94.22 2 19
github.com/calypr/git-drs/internal/gitrepo/repo.go:94.22,96.4 1 0
github.com/calypr/git-drs/internal/gitrepo/repo.go:96.9,96.28 1 19
github.com/calypr/git-drs/internal/gitrepo/repo.go:96.28,102.4 4 19
github.com/calypr/git-drs/internal/gitrepo/repo.go:105.2,105.36 1 11
github.com/calypr/git-drs/internal/gitrepo/repo.go:110.49,111.27 1 3
github.com/calypr/git-drs/internal/gitrepo/repo.go:111.27,113.35 2 3
github.com/calypr/git-drs/internal/gitrepo/repo.go:113.35,115.12 1 1
github.com/calypr/git-drs/internal/gitrepo/repo.go:118.2,118.12 1 3
github.com/calypr/git-drs/internal/gitrepo/repo.go:122.39,124.16 2 1
github.com/calypr/git-drs/internal/gitrepo/repo.go:124.16,126.3 1 0
github.com/calypr/git-drs/internal/gitrepo/repo.go:127.2,128.16 2 1
github.com/calypr/git-drs/internal/gitrepo/repo.go:128.16,130.3 1 0
github.com/calypr/git-drs/internal/gitrepo/repo.go:133.2,133.66 1 1
github.com/calypr/git-drs/internal/gitrepo/repo.go:137.33,139.16 2 0
github.com/calypr/git-drs/internal/gitrepo/repo.go:139.16,141.3 1 0
github.com/calypr/git-drs/internal/gitrepo/repo.go:142.2,143.16 2 0
github.com/calypr/git-drs/internal/gitrepo/repo.go:143.16,145.3 1 0
github.com/calypr/git-drs/internal/gitrepo/repo.go:146.2,147.12 2 0
github.com/calypr/git-drs/internal/config/config.go:32.36,34.2 1 8
github.com/calypr/git-drs/internal/config/config.go:36.43,38.37 2 4
github.com/calypr/git-drs/internal/config/config.go:38.37,40.3 1 8
github.com/calypr/git-drs/internal/config/config.go:42.2,42.40 1 4
github.com/calypr/git-drs/internal/config/config.go:42.40,43.32 1 7
github.com/calypr/git-drs/internal/config/config.go:43.32,45.4 1 2
github.com/calypr/git-drs/internal/config/config.go:48.2,48.102 1 2
github.com/calypr/git-drs/internal/config/config.go:57.90,59.9 2 1
github.com/calypr/git-drs/internal/config/config.go:59.9,61.3 1 0
github.com/calypr/git-drs/internal/config/config.go:62.2,62.20 1 1
github.com/calypr/git-drs/internal/config/config.go:62.20,64.3 1 1
github.com/calypr/git-drs/internal/config/config.go:65.2,65.19 1 0
github.com/calypr/git-drs/internal/config/config.go:65.19,67.91 2 0
github.com/calypr/git-drs/internal/config/config.go:67.91,71.4 1 0
github.com/calypr/git-drs/internal/config/config.go:72.3,72.50 1 0
github.com/calypr/git-drs/internal/config/config.go:74.2,74.94 1 0
github.com/calypr/git-drs/internal/config/config.go:77.52,79.9 2 2
github.com/calypr/git-drs/internal/config/config.go:79.9,81.3 1 0
github.com/calypr/git-drs/internal/config/config.go:82.2,82.19 1 2
github.com/calypr/git-drs/internal/config/config.go:82.19,84.3 1 0
github.com/calypr/git-drs/internal/config/config.go:84.8,84.27 1 2
github.com/calypr/git-drs/internal/config/config.go:84.27,86.3 1 2
github.com/calypr/git-drs/internal/config/config.go:87.2,87.12 1 0
github.com/calypr/git-drs/internal/config/config.go:91.52,92.27 1 1
github.com/calypr/git-drs/internal/config/config.go:92.27,102.3 1 0
github.com/calypr/git-drs/internal/config/config.go:104.2,104.46 1 1
github.com/calypr/git-drs/internal/config/config.go:104.46,111.3 1 0
github.com/calypr/git-drs/internal/config/config.go:113.2,113.29 1 1
github.com/calypr/git-drs/internal/config/config.go:117.67,118.18 1 2
github.com/calypr/git-drs/internal/config/config.go:118.18,120.3 1 1
github.com/calypr/git-drs/internal/config/config.go:121.2,121.29 1 1
github.com/calypr/git-drs/internal/config/config.go:125.44,127.30 2 0
github.com/calypr/git-drs/internal/config/config.go:127.30,129.3 1 0
github.com/calypr/git-drs/internal/config/config.go:130.2,130.14 1 0
github.com/calypr/git-drs/internal/config/config.go:134.41,136.2 1 15
github.com/calypr/git-drs/internal/config/config.go:138.46,140.2 1 0
github.com/calypr/git-drs/internal/config/config.go:148.70,150.16 2 3
github.com/calypr/git-drs/internal/config/config.go:150.16,152.3 1 0
github.com/calypr/git-drs/internal/config/config.go:154.2,155.16 2 3
github.com/calypr/git-drs/internal/config/config.go:155.16,157.3 1 0
github.com/calypr/git-drs/internal/config/config.go:160.2,163.24 3 3
github.com/calypr/git-drs/internal/config/config.go:163.24,168.37 5 1
github.com/calypr/git-drs/internal/config/config.go:168.37,170.4 1 0
github.com/calypr/git-drs/internal/config/config.go:171.3,171.38 1 1
github.com/calypr/git-drs/internal/config/config.go:171.38,173.4 1 0
github.com/calypr/git-drs/internal/config/config.go:174.8,174.32 1 2
github.com/calypr/git-drs/internal/config/config.go:174.32,177.35 3 2
github.com/calypr/git-drs/internal/config/config.go:177.35,179.4 1 0
github.com/calypr/git-drs/internal/config/config.go:180.3,180.32 1 2
github.com/calypr/git-drs/internal/config/config.go:180.32,182.4 1 0
github.com/calypr/git-drs/internal/config/config.go:183.3,183.38 1 2
github.com/calypr/git-drs/internal/config/config.go:183.38,185.4 1 0
github.com/calypr/git-drs/internal/config/config.go:186.3,186.39 1 2
github.com/calypr/git-drs/internal/config/config.go:186.39,188.4 1 0
github.com/calypr/git-drs/internal/config/config.go:192.2,194.25 3 3
github.com/calypr/git-drs/internal/config/config.go:194.25,196.3 1 3
github.com/calypr/git-drs/internal/config/config.go:199.2,199.52 1 3
github.com/calypr/git-drs/internal/config/config.go:199.52,201.3 1 0
github.com/calypr/git-drs/internal/config/config.go:203.2,203.21 1 3
github.com/calypr/git-drs/internal/config/config.go:206.170,207.64 1 9
github.com/calypr/git-drs/internal/config/config.go:207.64,209.3 1 0
github.com/calypr/git-drs/internal/config/config.go:211.2,214.46 3 9
github.com/calypr/git-drs/internal/config/config.go:214.46,222.3 1 5
github.com/calypr/git-drs/internal/config/config.go:222.8,222.34 1 4
github.com/calypr/git-drs/internal/config/config.go:222.34,230.3 1 4
github.com/calypr/git-drs/internal/config/config.go:232.2,232.30 1 9
github.com/calypr/git-drs/internal/config/config.go:236.36,238.16 2 10
github.com/calypr/git-drs/internal/config/config.go:238.16,240.3 1 0
github.com/calypr/git-drs/internal/config/config.go:242.2,243.16 2 10
github.com/calypr/git-drs/internal/config/config.go:243.16,245.3 1 0
github.com/calypr/git-drs/internal/config/config.go:247.2,252.44 2 10
github.com/calypr/git-drs/internal/config/config.go:252.44,253.36 1 109
github.com/calypr/git-drs/internal/config/config.go:253.36,254.12 1 100
github.com/calypr/git-drs/internal/config/config.go:258.3,259.15 2 9
github.com/calypr/git-drs/internal/config/config.go:259.15,261.4 1 9
github.com/calypr/git-drs/internal/config/config.go:263.3,263.50 1 9
github.com/calypr/git-drs/internal/config/config.go:263.50,264.67 1 9
github.com/calypr/git-drs/internal/config/config.go:264.67,265.13 1 0
github.com/calypr/git-drs/internal/config/config.go:267.4,276.5 1 9
github.com/calypr/git-drs/internal/config/config.go:280.2,280.17 1 10
github.com/calypr/git-drs/internal/config/config.go:283.32,289.2 2 1
github.com/calypr/git-drs/internal/config/config.go:291.50,293.16 2 0
github.com/calypr/git-drs/internal/config/config.go:293.16,295.3 1 0
github.com/calypr/git-drs/internal/config/config.go:296.2,297.16 2 0
github.com/calypr/git-drs/internal/config/config.go:297.16,299.3 1 0
github.com/calypr/git-drs/internal/config/config.go:300.2,300.32 1 0
github.com/calypr/git-drs/internal/config/config.go:304.36,306.16 2 1
github.com/calypr/git-drs/internal/config/config.go:306.16,308.3 1 0
github.com/calypr/git-drs/internal/config/config.go:310.2,311.16 2 1
github.com/calypr/git-drs/internal/config/config.go:311.16,313.3 1 0
github.com/calypr/git-drs/internal/config/config.go:315.2,315.29 1 1
github.com/calypr/git-drs/internal/config/config.go:315.29,317.3 1 1
github.com/calypr/git-drs/internal/config/config.go:319.2,319.36 1 1
github.com/calypr/git-drs/internal/config/config.go:322.49,324.16 2 0
github.com/calypr/git-drs/internal/config/config.go:324.16,326.3 1 0
github.com/calypr/git-drs/internal/config/config.go:328.2,328.37 1 0
github.com/calypr/git-drs/internal/config/config.go:328.37,330.3 1 0
github.com/calypr/git-drs/internal/config/config.go:332.2,346.60 3 0
github.com/calypr/git-drs/internal/config/config.go:346.60,348.3 1 0
github.com/calypr/git-drs/internal/config/config.go:350.2,350.31 1 0
github.com/calypr/git-drs/internal/config/config.go:350.31,352.3 1 0
github.com/calypr/git-drs/internal/config/config.go:354.2,354.40 1 0
github.com/calypr/git-drs/internal/config/config.go:354.40,356.3 1 0
github.com/calypr/git-drs/internal/config/config.go:358.2,358.29 1 0
github.com/calypr/git-drs/internal/config/config.go:358.29,359.87 1 0
github.com/calypr/git-drs/internal/config/config.go:359.87,361.4 1 0
github.com/calypr/git-drs/internal/config/config.go:364.2,364.21 1 0
github.com/calypr/git-drs/internal/config/config.go:367.38,368.41 1 0
github.com/calypr/git-drs/internal/config/config.go:368.41,370.3 1 0
github.com/calypr/git-drs/internal/config/config.go:372.2,373.32 2 0
github.com/calypr/git-drs/internal/config/config.go:373.32,375.3 1 0
github.com/calypr/git-drs/internal/config/config.go:376.2,377.25 2 0
github.com/calypr/git-drs/internal/config/config.go:382.38,384.16 2 0
github.com/calypr/git-drs/internal/config/config.go:384.16,386.3 1 0
github.com/calypr/git-drs/internal/config/config.go:388.2,389.24 2 0
github.com/calypr/git-drs/internal/config/remote.go:55.47,55.69 1 1
github.com/calypr/git-drs/internal/config/remote.go:56.47,56.72 1 2
github.com/calypr/git-drs/internal/config/remote.go:57.47,57.68 1 0
github.com/calypr/git-drs/internal/config/remote.go:58.47,58.66 1 1
github.com/calypr/git-drs/internal/config/remote.go:59.47,59.73 1 1
github.com/calypr/git-drs/internal/config/remote.go:61.92,64.16 3 0
github.com/calypr/git-drs/internal/config/remote.go:64.16,66.3 1 0
github.com/calypr/git-drs/internal/config/remote.go:67.2,69.77 3 0
github.com/calypr/git-drs/internal/config/remote.go:69.77,71.3 1 0
github.com/calypr/git-drs/internal/config/remote.go:72.2,73.40 2 0
github.com/calypr/git-drs/internal/config/remote.go:86.44,87.23 1 2
github.com/calypr/git-drs/internal/config/remote.go:87.23,89.3 1 1
github.com/calypr/git-drs/internal/config/remote.go:90.2,90.24 1 1
github.com/calypr/git-drs/internal/config/remote.go:93.48,93.73 1 5
github.com/calypr/git-drs/internal/config/remote.go:94.48,94.68 1 0
github.com/calypr/git-drs/internal/config/remote.go:95.48,95.67 1 2
github.com/calypr/git-drs/internal/config/remote.go:96.48,96.74 1 2
github.com/calypr/git-drs/internal/config/remote.go:98.93,99.119 1 2
github.com/calypr/git-drs/internal/config/remote.go:99.119,102.3 2 1
github.com/calypr/git-drs/internal/config/remote.go:103.2,106.131 4 2
github.com/calypr/git-drs/internal/config/remote.go:106.131,113.17 2 1
github.com/calypr/git-drs/internal/config/remote.go:113.17,115.4 1 0
github.com/calypr/git-drs/internal/config/remote.go:116.3,117.31 2 1
github.com/calypr/git-drs/internal/config/remote.go:120.2,121.52 2 2
github.com/calypr/git-drs/internal/config/remote.go:121.52,124.3 2 1
github.com/calypr/git-drs/internal/config/remote.go:126.2,127.16 2 2
github.com/calypr/git-drs/internal/config/remote.go:127.16,129.3 1 0
github.com/calypr/git-drs/internal/config/remote.go:130.2,131.9 2 2
github.com/calypr/git-drs/internal/config/remote.go:131.9,133.3 1 0
github.com/calypr/git-drs/internal/config/remote.go:135.2,143.8 1 2
github.com/calypr/git-drs/internal/config/remote.go:146.114,147.64 1 1
github.com/calypr/git-drs/internal/config/remote.go:147.64,149.3 1 0
github.com/calypr/git-drs/internal/config/remote.go:150.2,151.21 2 1
github.com/calypr/git-drs/internal/config/remote.go:151.21,153.3 1 0
github.com/calypr/git-drs/internal/config/remote.go:155.2,161.16 2 1
github.com/calypr/git-drs/internal/config/remote.go:161.16,163.3 1 0
github.com/calypr/git-drs/internal/config/remote.go:165.2,166.16 2 1
github.com/calypr/git-drs/internal/config/remote.go:166.16,168.3 1 0
github.com/calypr/git-drs/internal/config/remote.go:169.2,170.9 2 1
github.com/calypr/git-drs/internal/config/remote.go:170.9,172.3 1 0
github.com/calypr/git-drs/internal/config/remote.go:174.2,175.27 2 1
github.com/calypr/git-drs/internal/config/remote.go:175.27,177.3 1 0
github.com/calypr/git-drs/internal/config/remote.go:179.2,190.8 1 1
github.com/calypr/git-drs/internal/config/remote.go:193.91,203.2 1 0
github.com/calypr/git-drs/internal/config/remote.go:205.72,206.16 1 0
github.com/calypr/git-drs/internal/config/remote.go:206.16,208.3 1 0
github.com/calypr/git-drs/internal/config/remote.go:209.2,209.41 1 0
github.com/calypr/git-drs/internal/config/remote.go:209.41,211.3 1 0
github.com/calypr/git-drs/internal/config/remote.go:212.2,212.110 1 0
github.com/calypr/git-drs/internal/drsdelete/git_history.go:18.105,21.27 3 3
github.com/calypr/git-drs/internal/drsdelete/git_history.go:21.27,24.77 3 3
github.com/calypr/git-drs/internal/drsdelete/git_history.go:24.77,25.12 1 0
github.com/calypr/git-drs/internal/drsdelete/git_history.go:27.3,28.17 2 3
github.com/calypr/git-drs/internal/drsdelete/git_history.go:28.17,30.4 1 0
github.com/calypr/git-drs/internal/drsdelete/git_history.go:31.3,31.30 1 3
github.com/calypr/git-drs/internal/drsdelete/git_history.go:31.30,33.30 2 3
github.com/calypr/git-drs/internal/drsdelete/git_history.go:33.30,34.13 1 0
github.com/calypr/git-drs/internal/drsdelete/git_history.go:36.4,39.18 3 3
github.com/calypr/git-drs/internal/drsdelete/git_history.go:39.18,41.5 1 0
github.com/calypr/git-drs/internal/drsdelete/git_history.go:42.4,42.11 1 3
github.com/calypr/git-drs/internal/drsdelete/git_history.go:42.11,43.13 1 0
github.com/calypr/git-drs/internal/drsdelete/git_history.go:45.4,45.77 1 3
github.com/calypr/git-drs/internal/drsdelete/git_history.go:48.2,48.21 1 3
github.com/calypr/git-drs/internal/drsdelete/git_history.go:51.52,53.29 2 0
github.com/calypr/git-drs/internal/drsdelete/git_history.go:53.29,55.3 1 0
github.com/calypr/git-drs/internal/drsdelete/git_history.go:56.2,57.12 2 0
github.com/calypr/git-drs/internal/drsdelete/git_history.go:60.84,63.16 3 3
github.com/calypr/git-drs/internal/drsdelete/git_history.go:63.16,65.3 1 0
github.com/calypr/git-drs/internal/drsdelete/git_history.go:66.2,68.29 3 3
github.com/calypr/git-drs/internal/drsdelete/git_history.go:68.29,70.17 2 3
github.com/calypr/git-drs/internal/drsdelete/git_history.go:70.17,71.12 1 0
github.com/calypr/git-drs/internal/drsdelete/git_history.go:73.3,74.40 2 3
github.com/calypr/git-drs/internal/drsdelete/git_history.go:74.40,75.12 1 0
github.com/calypr/git-drs/internal/drsdelete/git_history.go:77.3,77.34 1 3
github.com/calypr/git-drs/internal/drsdelete/git_history.go:79.2,79.19 1 3
github.com/calypr/git-drs/internal/drsdelete/git_history.go:82.81,86.16 4 3
github.com/calypr/git-drs/internal/drsdelete/git_history.go:86.16,88.3 1 0
github.com/calypr/git-drs/internal/drsdelete/git_history.go:89.2,90.9 2 3
github.com/calypr/git-drs/internal/drsdelete/git_history.go:90.9,92.3 1 0
github.com/calypr/git-drs/internal/drsdelete/git_history.go:93.2,93.85 1 3
github.com/calypr/git-drs/internal/drsdelete/git_history.go:96.33,98.2 1 9
github.com/calypr/git-drs/internal/drsdelete/live_refs.go:11.96,14.27 3 3
github.com/calypr/git-drs/internal/drsdelete/live_refs.go:14.27,16.40 2 3
github.com/calypr/git-drs/internal/drsdelete/live_refs.go:16.40,17.12 1 0
github.com/calypr/git-drs/internal/drsdelete/live_refs.go:19.3,19.32 1 3
github.com/calypr/git-drs/internal/drsdelete/live_refs.go:19.32,20.12 1 0
github.com/calypr/git-drs/internal/drsdelete/live_refs.go:22.3,23.36 2 3
github.com/calypr/git-drs/internal/drsdelete/live_refs.go:25.2,25.23 1 3
github.com/calypr/git-drs/internal/drsdelete/live_refs.go:25.23,27.3 1 0
github.com/calypr/git-drs/internal/drsdelete/live_refs.go:29.2,30.16 2 3
github.com/calypr/git-drs/internal/drsdelete/live_refs.go:30.16,32.3 1 0
github.com/calypr/git-drs/internal/drsdelete/live_refs.go:33.2,34.32 2 3
github.com/calypr/git-drs/internal/drsdelete/live_refs.go:34.32,37.3 2 1
github.com/calypr/git-drs/internal/drsdelete/live_refs.go:38.2,38.29 1 3
github.com/calypr/git-drs/internal/drsdelete/live_refs.go:38.29,40.3 1 1
github.com/calypr/git-drs/internal/drsdelete/live_refs.go:41.2,41.23 1 3
github.com/calypr/git-drs/internal/drsdelete/reconcile.go:27.136,28.43 1 3
github.com/calypr/git-drs/internal/drsdelete/reconcile.go:28.43,30.3 1 0
github.com/calypr/git-drs/internal/drsdelete/reconcile.go:31.2,31.19 1 3
github.com/calypr/git-drs/internal/drsdelete/reconcile.go:31.19,33.3 1 3
github.com/calypr/git-drs/internal/drsdelete/reconcile.go:34.2,34.20 1 3
github.com/calypr/git-drs/internal/drsdelete/reconcile.go:34.20,36.3 1 0
github.com/calypr/git-drs/internal/drsdelete/reconcile.go:38.2,39.16 2 3
github.com/calypr/git-drs/internal/drsdelete/reconcile.go:39.16,41.3 1 0
github.com/calypr/git-drs/internal/drsdelete/reconcile.go:42.2,42.28 1 3
github.com/calypr/git-drs/internal/drsdelete/reconcile.go:42.28,44.3 1 0
github.com/calypr/git-drs/internal/drsdelete/reconcile.go:46.2,47.16 2 3
github.com/calypr/git-drs/internal/drsdelete/reconcile.go:47.16,49.3 1 0
github.com/calypr/git-drs/internal/drsdelete/reconcile.go:51.2,52.16 2 3
github.com/calypr/git-drs/internal/drsdelete/reconcile.go:52.16,54.3 1 0
github.com/calypr/git-drs/internal/drsdelete/reconcile.go:56.2,57.43 2 3
github.com/calypr/git-drs/internal/drsdelete/reconcile.go:57.43,58.54 1 3
github.com/calypr/git-drs/internal/drsdelete/reconcile.go:58.54,60.12 2 1
github.com/calypr/git-drs/internal/drsdelete/reconcile.go:63.3,64.17 2 2
github.com/calypr/git-drs/internal/drsdelete/reconcile.go:64.17,66.4 1 0
github.com/calypr/git-drs/internal/drsdelete/reconcile.go:67.3,67.23 1 2
github.com/calypr/git-drs/internal/drsdelete/reconcile.go:68.10,70.21 2 0
github.com/calypr/git-drs/internal/drsdelete/reconcile.go:70.21,72.5 1 0
github.com/calypr/git-drs/internal/drsdelete/reconcile.go:73.4,73.12 1 0
github.com/calypr/git-drs/internal/drsdelete/reconcile.go:74.10,74.10 0 2
github.com/calypr/git-drs/internal/drsdelete/reconcile.go:75.11,77.21 2 0
github.com/calypr/git-drs/internal/drsdelete/reconcile.go:77.21,79.5 1 0
github.com/calypr/git-drs/internal/drsdelete/reconcile.go:80.4,80.12 1 0
github.com/calypr/git-drs/internal/drsdelete/reconcile.go:83.3,85.37 3 2
github.com/calypr/git-drs/internal/drsdelete/reconcile.go:85.37,87.4 1 2
github.com/calypr/git-drs/internal/drsdelete/reconcile.go:88.3,88.27 1 2
github.com/calypr/git-drs/internal/drsdelete/reconcile.go:88.27,89.81 1 1
github.com/calypr/git-drs/internal/drsdelete/reconcile.go:89.81,91.5 1 0
github.com/calypr/git-drs/internal/drsdelete/reconcile.go:92.4,93.12 2 1
github.com/calypr/git-drs/internal/drsdelete/reconcile.go:96.3,99.24 2 1
github.com/calypr/git-drs/internal/drsdelete/reconcile.go:99.24,101.4 1 0
github.com/calypr/git-drs/internal/drsdelete/reconcile.go:102.3,102.29 1 1
github.com/calypr/git-drs/internal/drsdelete/reconcile.go:105.2,105.177 1 3
github.com/calypr/git-drs/internal/drsdelete/reconcile.go:105.177,113.3 1 3
github.com/calypr/git-drs/internal/drsdelete/reconcile.go:114.2,114.21 1 3
github.com/calypr/git-drs/cmd/prepush/io_helpers.go:9.113,11.16 2 1
github.com/calypr/git-drs/cmd/prepush/io_helpers.go:11.16,13.3 1 0
github.com/calypr/git-drs/cmd/prepush/io_helpers.go:15.2,15.47 1 1
github.com/calypr/git-drs/cmd/prepush/io_helpers.go:15.47,19.3 3 1
github.com/calypr/git-drs/cmd/prepush/io_helpers.go:21.2,21.42 1 0
github.com/calypr/git-drs/cmd/prepush/io_helpers.go:21.42,25.3 3 0
github.com/calypr/git-drs/cmd/prepush/io_helpers.go:26.2,26.17 1 0
github.com/calypr/git-drs/cmd/prepush/main.go:37.54,39.3 1 0
github.com/calypr/git-drs/cmd/prepush/main.go:49.42,56.2 1 0
github.com/calypr/git-drs/cmd/prepush/main.go:58.68,61.16 3 0
github.com/calypr/git-drs/cmd/prepush/main.go:61.16,63.3 1 0
github.com/calypr/git-drs/cmd/prepush/main.go:65.2,68.16 3 0
github.com/calypr/git-drs/cmd/prepush/main.go:68.16,70.3 1 0
github.com/calypr/git-drs/cmd/prepush/main.go:72.2,76.16 4 0
github.com/calypr/git-drs/cmd/prepush/main.go:76.16,80.3 3 0
github.com/calypr/git-drs/cmd/prepush/main.go:82.2,83.25 2 0
github.com/calypr/git-drs/cmd/prepush/main.go:83.25,87.3 3 0
github.com/calypr/git-drs/cmd/prepush/main.go:88.2,89.16 2 0
github.com/calypr/git-drs/cmd/prepush/main.go:89.16,91.3 1 0
github.com/calypr/git-drs/cmd/prepush/main.go:93.2,99.16 2 0
github.com/calypr/git-drs/cmd/prepush/main.go:99.16,101.3 1 0
github.com/calypr/git-drs/cmd/prepush/main.go:103.2,109.16 6 0
github.com/calypr/git-drs/cmd/prepush/main.go:109.16,112.3 2 0
github.com/calypr/git-drs/cmd/prepush/main.go:113.2,113.15 1 0
github.com/calypr/git-drs/cmd/prepush/main.go:113.15,116.3 2 0
github.com/calypr/git-drs/cmd/prepush/main.go:118.2,119.16 2 0
github.com/calypr/git-drs/cmd/prepush/main.go:119.16,122.3 2 0
github.com/calypr/git-drs/cmd/prepush/main.go:123.2,123.110 1 0
github.com/calypr/git-drs/cmd/prepush/main.go:123.110,126.3 2 0
github.com/calypr/git-drs/cmd/prepush/main.go:127.2,131.16 4 0
github.com/calypr/git-drs/cmd/prepush/main.go:131.16,134.3 2 0
github.com/calypr/git-drs/cmd/prepush/main.go:136.2,142.16 3 0
github.com/calypr/git-drs/cmd/prepush/main.go:142.16,145.3 2 0
github.com/calypr/git-drs/cmd/prepush/main.go:148.2,150.33 3 0
github.com/calypr/git-drs/cmd/prepush/main.go:150.33,152.3 1 0
github.com/calypr/git-drs/cmd/prepush/main.go:153.2,153.113 1 0
github.com/calypr/git-drs/cmd/prepush/main.go:153.113,156.3 2 0
github.com/calypr/git-drs/cmd/prepush/main.go:158.2,159.12 2 0
github.com/calypr/git-drs/cmd/prepush/main.go:196.73,198.19 2 9
github.com/calypr/git-drs/cmd/prepush/main.go:198.19,200.3 1 9
github.com/calypr/git-drs/cmd/prepush/main.go:201.2,202.23 2 9
github.com/calypr/git-drs/cmd/prepush/main.go:202.23,204.3 1 0
github.com/calypr/git-drs/cmd/prepush/main.go:205.2,206.26 2 9
github.com/calypr/git-drs/cmd/prepush/main.go:206.26,208.3 1 0
github.com/calypr/git-drs/cmd/prepush/main.go:209.2,210.22 2 9
github.com/calypr/git-drs/cmd/prepush/main.go:210.22,212.3 1 0
github.com/calypr/git-drs/cmd/prepush/main.go:213.2,221.22 2 9
github.com/calypr/git-drs/cmd/prepush/main.go:221.22,223.3 1 0
github.com/calypr/git-drs/cmd/prepush/main.go:225.2,225.26 1 9
github.com/calypr/git-drs/cmd/prepush/main.go:225.26,227.34 2 9
github.com/calypr/git-drs/cmd/prepush/main.go:227.34,232.4 1 9
github.com/calypr/git-drs/cmd/prepush/main.go:235.2,235.57 1 9
github.com/calypr/git-drs/cmd/prepush/main.go:235.57,237.39 2 0
github.com/calypr/git-drs/cmd/prepush/main.go:237.39,239.26 2 0
github.com/calypr/git-drs/cmd/prepush/main.go:239.26,241.5 1 0
github.com/calypr/git-drs/cmd/prepush/main.go:242.4,243.24 2 0
github.com/calypr/git-drs/cmd/prepush/main.go:243.24,245.5 1 0
github.com/calypr/git-drs/cmd/prepush/main.go:246.4,247.27 2 0
github.com/calypr/git-drs/cmd/prepush/main.go:247.27,249.5 1 0
github.com/calypr/git-drs/cmd/prepush/main.go:250.4,258.52 2 0
github.com/calypr/git-drs/cmd/prepush/main.go:262.2,262.12 1 9
github.com/calypr/git-drs/cmd/prepush/main.go:265.165,267.16 2 9
github.com/calypr/git-drs/cmd/prepush/main.go:267.16,269.3 1 0
github.com/calypr/git-drs/cmd/prepush/main.go:270.2,273.32 3 9
github.com/calypr/git-drs/cmd/prepush/main.go:273.32,275.31 2 9
github.com/calypr/git-drs/cmd/prepush/main.go:275.31,277.12 2 0
github.com/calypr/git-drs/cmd/prepush/main.go:279.3,279.90 1 9
github.com/calypr/git-drs/cmd/prepush/main.go:281.2,281.26 1 9
github.com/calypr/git-drs/cmd/prepush/main.go:281.26,284.3 2 0
github.com/calypr/git-drs/cmd/prepush/main.go:286.2,291.16 3 9
github.com/calypr/git-drs/cmd/prepush/main.go:291.16,293.3 1 0
github.com/calypr/git-drs/cmd/prepush/main.go:295.2,296.16 2 9
github.com/calypr/git-drs/cmd/prepush/main.go:296.16,298.3 1 0
github.com/calypr/git-drs/cmd/prepush/main.go:299.2,301.17 3 9
github.com/calypr/git-drs/cmd/prepush/main.go:301.17,303.3 1 0
github.com/calypr/git-drs/cmd/prepush/main.go:303.8,303.74 1 9
github.com/calypr/git-drs/cmd/prepush/main.go:303.74,305.3 1 2
github.com/calypr/git-drs/cmd/prepush/main.go:307.2,309.16 3 9
github.com/calypr/git-drs/cmd/prepush/main.go:309.16,311.3 1 0
github.com/calypr/git-drs/cmd/prepush/main.go:312.2,314.53 2 9
github.com/calypr/git-drs/cmd/prepush/main.go:314.53,319.26 3 6
github.com/calypr/git-drs/cmd/prepush/main.go:320.84,322.14 2 3
github.com/calypr/git-drs/cmd/prepush/main.go:326.3,326.86 1 3
github.com/calypr/git-drs/cmd/prepush/main.go:326.86,329.4 2 1
github.com/calypr/git-drs/cmd/prepush/main.go:330.3,330.101 1 2
github.com/calypr/git-drs/cmd/prepush/main.go:332.2,332.12 1 3
github.com/calypr/git-drs/cmd/prepush/main.go:335.64,336.66 1 12
github.com/calypr/git-drs/cmd/prepush/main.go:336.66,337.52 1 12
github.com/calypr/git-drs/cmd/prepush/main.go:337.52,339.4 1 2
github.com/calypr/git-drs/cmd/prepush/main.go:341.2,342.52 2 10
github.com/calypr/git-drs/cmd/prepush/main.go:342.52,344.3 1 8
github.com/calypr/git-drs/cmd/prepush/main.go:345.2,346.74 2 2
github.com/calypr/git-drs/cmd/prepush/main.go:349.54,351.20 2 0
github.com/calypr/git-drs/cmd/prepush/main.go:351.20,353.3 1 0
github.com/calypr/git-drs/cmd/prepush/main.go:354.2,354.20 1 0
github.com/calypr/git-drs/cmd/prepush/main.go:354.20,356.3 1 0
github.com/calypr/git-drs/cmd/prepush/main.go:357.2,357.25 1 0
github.com/calypr/git-drs/cmd/prepush/main.go:357.25,359.3 1 0
github.com/calypr/git-drs/cmd/prepush/main.go:360.2,360.41 1 0
github.com/calypr/git-drs/cmd/prepush/main.go:363.89,365.16 2 0
github.com/calypr/git-drs/cmd/prepush/main.go:365.16,368.3 2 0
github.com/calypr/git-drs/cmd/prepush/main.go:369.2,369.47 1 0
github.com/calypr/git-drs/cmd/prepush/main.go:369.47,370.25 1 0
github.com/calypr/git-drs/cmd/prepush/main.go:370.25,372.4 1 0
github.com/calypr/git-drs/cmd/prepush/main.go:372.9,374.4 1 0
github.com/calypr/git-drs/cmd/prepush/main.go:375.3,375.20 1 0
github.com/calypr/git-drs/cmd/prepush/main.go:377.2,377.20 1 0
github.com/calypr/git-drs/cmd/prepush/main.go:380.231,381.16 1 0
github.com/calypr/git-drs/cmd/prepush/main.go:381.16,383.17 2 0
github.com/calypr/git-drs/cmd/prepush/main.go:383.17,385.4 1 0
github.com/calypr/git-drs/cmd/prepush/main.go:385.9,385.16 1 0
github.com/calypr/git-drs/cmd/prepush/main.go:385.16,387.4 1 0
github.com/calypr/git-drs/cmd/prepush/main.go:388.3,388.86 1 0
github.com/calypr/git-drs/cmd/prepush/main.go:390.2,391.16 2 0
github.com/calypr/git-drs/cmd/prepush/main.go:391.16,393.3 1 0
github.com/calypr/git-drs/cmd/prepush/main.go:394.2,394.29 1 0
github.com/calypr/git-drs/cmd/prepush/main.go:399.56,401.2 1 0
github.com/calypr/git-drs/cmd/prepush/main.go:403.44,405.100 2 3
github.com/calypr/git-drs/cmd/prepush/main.go:405.100,407.3 1 1
github.com/calypr/git-drs/cmd/prepush/main.go:408.2,408.38 1 3
github.com/calypr/git-drs/cmd/prepush/main.go:411.156,412.18 1 3
github.com/calypr/git-drs/cmd/prepush/main.go:412.18,414.3 1 0
github.com/calypr/git-drs/cmd/prepush/main.go:415.2,416.16 2 3
github.com/calypr/git-drs/cmd/prepush/main.go:416.16,418.3 1 0
github.com/calypr/git-drs/cmd/prepush/main.go:419.2,420.29 2 3
github.com/calypr/git-drs/cmd/prepush/main.go:420.29,422.17 2 3
github.com/calypr/git-drs/cmd/prepush/main.go:422.17,424.4 1 0
github.com/calypr/git-drs/cmd/prepush/main.go:425.3,425.10 1 3
github.com/calypr/git-drs/cmd/prepush/main.go:425.10,427.4 1 0
github.com/calypr/git-drs/cmd/prepush/main.go:428.3,429.16 2 3
github.com/calypr/git-drs/cmd/prepush/main.go:429.16,431.4 1 0
github.com/calypr/git-drs/cmd/prepush/main.go:432.3,432.88 1 3
github.com/calypr/git-drs/cmd/prepush/main.go:432.88,434.4 1 1
github.com/calypr/git-drs/cmd/prepush/main.go:435.3,436.17 2 2
github.com/calypr/git-drs/cmd/prepush/main.go:436.17,439.4 2 0
github.com/calypr/git-drs/cmd/prepush/main.go:440.3,446.4 1 2
github.com/calypr/git-drs/cmd/prepush/main.go:448.2,448.28 1 2
github.com/calypr/git-drs/cmd/prepush/main.go:451.79,454.27 3 3
github.com/calypr/git-drs/cmd/prepush/main.go:454.27,455.52 1 3
github.com/calypr/git-drs/cmd/prepush/main.go:455.52,456.12 1 0
github.com/calypr/git-drs/cmd/prepush/main.go:458.3,459.54 2 3
github.com/calypr/git-drs/cmd/prepush/main.go:459.54,461.4 1 1
github.com/calypr/git-drs/cmd/prepush/main.go:461.9,463.4 1 2
github.com/calypr/git-drs/cmd/prepush/main.go:464.3,465.17 2 3
github.com/calypr/git-drs/cmd/prepush/main.go:465.17,467.4 1 0
github.com/calypr/git-drs/cmd/prepush/main.go:468.3,468.68 1 3
github.com/calypr/git-drs/cmd/prepush/main.go:468.68,470.18 2 3
github.com/calypr/git-drs/cmd/prepush/main.go:470.18,471.13 1 0
github.com/calypr/git-drs/cmd/prepush/main.go:473.4,473.26 1 3
github.com/calypr/git-drs/cmd/prepush/main.go:476.2,477.24 2 3
github.com/calypr/git-drs/cmd/prepush/main.go:477.24,479.3 1 3
github.com/calypr/git-drs/cmd/prepush/main.go:480.2,481.19 2 3
github.com/calypr/git-drs/cmd/prepush/main.go:484.69,488.16 4 3
github.com/calypr/git-drs/cmd/prepush/main.go:488.16,490.3 1 0
github.com/calypr/git-drs/cmd/prepush/main.go:491.2,491.25 1 3
github.com/calypr/git-drs/cmd/prepush/pushed_refs.go:21.59,22.40 1 5
github.com/calypr/git-drs/cmd/prepush/pushed_refs.go:22.40,24.3 1 0
github.com/calypr/git-drs/cmd/prepush/pushed_refs.go:25.2,27.21 3 5
github.com/calypr/git-drs/cmd/prepush/pushed_refs.go:27.21,29.22 2 6
github.com/calypr/git-drs/cmd/prepush/pushed_refs.go:29.22,30.12 1 1
github.com/calypr/git-drs/cmd/prepush/pushed_refs.go:32.3,37.5 1 5
github.com/calypr/git-drs/cmd/prepush/pushed_refs.go:39.2,39.38 1 5
github.com/calypr/git-drs/cmd/prepush/pushed_refs.go:39.38,41.3 1 0
github.com/calypr/git-drs/cmd/prepush/pushed_refs.go:42.2,42.40 1 5
github.com/calypr/git-drs/cmd/prepush/pushed_refs.go:42.40,44.3 1 0
github.com/calypr/git-drs/cmd/prepush/pushed_refs.go:45.2,45.18 1 5
github.com/calypr/git-drs/cmd/prepush/pushed_refs.go:48.50,51.27 3 5
github.com/calypr/git-drs/cmd/prepush/pushed_refs.go:51.27,52.46 1 5
github.com/calypr/git-drs/cmd/prepush/pushed_refs.go:52.46,54.20 2 4
github.com/calypr/git-drs/cmd/prepush/pushed_refs.go:54.20,56.5 1 4
github.com/calypr/git-drs/cmd/prepush/pushed_refs.go:59.2,60.26 2 5
github.com/calypr/git-drs/cmd/prepush/pushed_refs.go:60.26,62.3 1 4
github.com/calypr/git-drs/cmd/prepush/pushed_refs.go:63.2,64.17 2 5
github.com/calypr/git-drs/cmd/prepush/pushed_refs.go:67.60,69.27 2 0
github.com/calypr/git-drs/cmd/prepush/pushed_refs.go:69.27,74.3 1 0
github.com/calypr/git-drs/cmd/prepush/pushed_refs.go:75.2,75.12 1 0
github.com/calypr/git-drs/internal/lfs/inventory.go:33.46,34.16 1 2
github.com/calypr/git-drs/internal/lfs/inventory.go:34.16,36.3 1 0
github.com/calypr/git-drs/internal/lfs/inventory.go:38.2,42.34 5 2
github.com/calypr/git-drs/internal/lfs/inventory.go:42.34,44.3 1 0
github.com/calypr/git-drs/internal/lfs/inventory.go:46.2,47.21 2 2
github.com/calypr/git-drs/internal/lfs/inventory.go:47.21,49.3 1 0
github.com/calypr/git-drs/internal/lfs/inventory.go:50.2,50.59 1 2
github.com/calypr/git-drs/internal/lfs/inventory.go:53.134,54.19 1 1
github.com/calypr/git-drs/internal/lfs/inventory.go:54.19,56.3 1 0
github.com/calypr/git-drs/internal/lfs/inventory.go:57.2,58.16 2 1
github.com/calypr/git-drs/internal/lfs/inventory.go:58.16,60.3 1 0
github.com/calypr/git-drs/internal/lfs/inventory.go:62.2,62.25 1 1
github.com/calypr/git-drs/internal/lfs/inventory.go:62.25,64.3 1 0
github.com/calypr/git-drs/internal/lfs/inventory.go:65.2,65.29 1 1
github.com/calypr/git-drs/internal/lfs/inventory.go:65.29,67.3 1 0
github.com/calypr/git-drs/internal/lfs/inventory.go:67.8,69.3 1 1
github.com/calypr/git-drs/internal/lfs/inventory.go:70.2,76.27 5 1
github.com/calypr/git-drs/internal/lfs/inventory.go:76.27,77.80 1 2
github.com/calypr/git-drs/internal/lfs/inventory.go:77.80,79.4 1 0
github.com/calypr/git-drs/internal/lfs/inventory.go:82.2,82.24 1 1
github.com/calypr/git-drs/internal/lfs/inventory.go:87.93,88.19 1 0
github.com/calypr/git-drs/internal/lfs/inventory.go:88.19,90.3 1 0
github.com/calypr/git-drs/internal/lfs/inventory.go:91.2,92.16 2 0
github.com/calypr/git-drs/internal/lfs/inventory.go:92.16,94.3 1 0
github.com/calypr/git-drs/internal/lfs/inventory.go:96.2,99.27 4 0
github.com/calypr/git-drs/internal/lfs/inventory.go:99.27,101.16 2 0
github.com/calypr/git-drs/internal/lfs/inventory.go:101.16,102.12 1 0
github.com/calypr/git-drs/internal/lfs/inventory.go:104.3,104.29 1 0
github.com/calypr/git-drs/internal/lfs/inventory.go:104.29,105.12 1 0
github.com/calypr/git-drs/internal/lfs/inventory.go:107.3,108.80 2 0
github.com/calypr/git-drs/internal/lfs/inventory.go:108.80,110.4 1 0
github.com/calypr/git-drs/internal/lfs/inventory.go:112.2,112.24 1 0
github.com/calypr/git-drs/internal/lfs/inventory.go:117.110,118.19 1 1
github.com/calypr/git-drs/internal/lfs/inventory.go:118.19,120.3 1 0
github.com/calypr/git-drs/internal/lfs/inventory.go:121.2,122.16 2 1
github.com/calypr/git-drs/internal/lfs/inventory.go:122.16,124.3 1 0
github.com/calypr/git-drs/internal/lfs/inventory.go:125.2,126.15 2 1
github.com/calypr/git-drs/internal/lfs/inventory.go:126.15,128.3 1 0
github.com/calypr/git-drs/internal/lfs/inventory.go:129.2,131.26 3 1
github.com/calypr/git-drs/internal/lfs/inventory.go:131.26,133.3 1 0
github.com/calypr/git-drs/internal/lfs/inventory.go:134.2,134.105 1 1
github.com/calypr/git-drs/internal/lfs/inventory.go:134.105,136.3 1 0
github.com/calypr/git-drs/internal/lfs/inventory.go:137.2,137.19 1 1
github.com/calypr/git-drs/internal/lfs/inventory.go:143.79,144.19 1 2
github.com/calypr/git-drs/internal/lfs/inventory.go:144.19,146.3 1 0
github.com/calypr/git-drs/internal/lfs/inventory.go:147.2,148.16 2 2
github.com/calypr/git-drs/internal/lfs/inventory.go:148.16,150.3 1 0
github.com/calypr/git-drs/internal/lfs/inventory.go:151.2,154.16 4 2
github.com/calypr/git-drs/internal/lfs/inventory.go:154.16,156.3 1 0
github.com/calypr/git-drs/internal/lfs/inventory.go:157.2,158.29 2 2
github.com/calypr/git-drs/internal/lfs/inventory.go:158.29,160.17 2 4
github.com/calypr/git-drs/internal/lfs/inventory.go:160.17,161.12 1 0
github.com/calypr/git-drs/internal/lfs/inventory.go:163.3,164.10 2 4
github.com/calypr/git-drs/internal/lfs/inventory.go:164.10,165.12 1 3
github.com/calypr/git-drs/internal/lfs/inventory.go:167.3,174.4 1 1
github.com/calypr/git-drs/internal/lfs/inventory.go:176.2,176.19 1 2
github.com/calypr/git-drs/internal/lfs/inventory.go:183.78,184.19 1 1
github.com/calypr/git-drs/internal/lfs/inventory.go:184.19,186.3 1 0
github.com/calypr/git-drs/internal/lfs/inventory.go:187.2,188.16 2 1
github.com/calypr/git-drs/internal/lfs/inventory.go:188.16,190.3 1 0
github.com/calypr/git-drs/internal/lfs/inventory.go:191.2,194.16 4 1
github.com/calypr/git-drs/internal/lfs/inventory.go:194.16,196.3 1 0
github.com/calypr/git-drs/internal/lfs/inventory.go:197.2,198.16 2 1
github.com/calypr/git-drs/internal/lfs/inventory.go:198.16,200.3 1 0
github.com/calypr/git-drs/internal/lfs/inventory.go:201.2,202.31 2 1
github.com/calypr/git-drs/internal/lfs/inventory.go:202.31,203.61 1 1
github.com/calypr/git-drs/internal/lfs/inventory.go:203.61,205.12 2 0
github.com/calypr/git-drs/internal/lfs/inventory.go:207.3,207.63 1 1
github.com/calypr/git-drs/internal/lfs/inventory.go:207.63,209.4 1 1
github.com/calypr/git-drs/internal/lfs/inventory.go:211.2,211.19 1 1
github.com/calypr/git-drs/internal/lfs/inventory.go:214.126,216.16 2 2
github.com/calypr/git-drs/internal/lfs/inventory.go:216.16,218.3 1 0
github.com/calypr/git-drs/internal/lfs/inventory.go:219.2,219.72 1 2
github.com/calypr/git-drs/internal/lfs/inventory.go:222.139,223.21 1 3
github.com/calypr/git-drs/internal/lfs/inventory.go:223.21,225.3 1 0
github.com/calypr/git-drs/internal/lfs/inventory.go:227.2,228.16 2 3
github.com/calypr/git-drs/internal/lfs/inventory.go:228.16,230.3 1 0
github.com/calypr/git-drs/internal/lfs/inventory.go:231.2,231.32 1 3
github.com/calypr/git-drs/internal/lfs/inventory.go:231.32,233.10 2 5
github.com/calypr/git-drs/internal/lfs/inventory.go:233.10,234.12 1 1
github.com/calypr/git-drs/internal/lfs/inventory.go:236.3,243.4 1 4
github.com/calypr/git-drs/internal/lfs/inventory.go:246.2,246.12 1 3
github.com/calypr/git-drs/internal/lfs/inventory.go:249.43,250.21 1 1
github.com/calypr/git-drs/internal/lfs/inventory.go:250.21,252.3 1 0
github.com/calypr/git-drs/internal/lfs/inventory.go:253.2,255.29 3 1
github.com/calypr/git-drs/internal/lfs/inventory.go:255.29,257.17 2 3
github.com/calypr/git-drs/internal/lfs/inventory.go:257.17,258.12 1 0
github.com/calypr/git-drs/internal/lfs/inventory.go:260.3,260.30 1 3
github.com/calypr/git-drs/internal/lfs/inventory.go:260.30,261.12 1 0
github.com/calypr/git-drs/internal/lfs/inventory.go:263.3,264.26 2 3
github.com/calypr/git-drs/internal/lfs/inventory.go:266.2,266.12 1 1
github.com/calypr/git-drs/internal/lfs/inventory.go:269.109,270.21 1 3
github.com/calypr/git-drs/internal/lfs/inventory.go:270.21,272.3 1 0
github.com/calypr/git-drs/internal/lfs/inventory.go:274.2,280.34 7 3
github.com/calypr/git-drs/internal/lfs/inventory.go:280.34,282.16 2 0
github.com/calypr/git-drs/internal/lfs/inventory.go:282.16,284.4 1 0
github.com/calypr/git-drs/internal/lfs/inventory.go:285.3,285.36 1 0
github.com/calypr/git-drs/internal/lfs/inventory.go:288.2,290.29 3 3
github.com/calypr/git-drs/internal/lfs/inventory.go:290.29,292.17 2 6
github.com/calypr/git-drs/internal/lfs/inventory.go:292.17,294.4 1 0
github.com/calypr/git-drs/internal/lfs/inventory.go:295.3,295.44 1 6
github.com/calypr/git-drs/internal/lfs/inventory.go:295.44,296.12 1 1
github.com/calypr/git-drs/internal/lfs/inventory.go:298.3,299.17 2 5
github.com/calypr/git-drs/internal/lfs/inventory.go:299.17,301.4 1 0
github.com/calypr/git-drs/internal/lfs/inventory.go:302.3,303.57 2 5
github.com/calypr/git-drs/internal/lfs/inventory.go:303.57,305.4 1 0
github.com/calypr/git-drs/internal/lfs/inventory.go:306.3,306.55 1 5
github.com/calypr/git-drs/internal/lfs/inventory.go:306.55,308.4 1 0
github.com/calypr/git-drs/internal/lfs/inventory.go:309.3,309.32 1 5
github.com/calypr/git-drs/internal/lfs/inventory.go:311.2,311.19 1 3
github.com/calypr/git-drs/internal/lfs/inventory.go:314.56,316.29 2 3
github.com/calypr/git-drs/internal/lfs/inventory.go:316.29,321.3 4 6
github.com/calypr/git-drs/internal/lfs/inventory.go:322.2,322.19 1 3
github.com/calypr/git-drs/internal/lfs/inventory.go:325.55,327.6 2 6
github.com/calypr/git-drs/internal/lfs/inventory.go:327.6,329.17 2 279
github.com/calypr/git-drs/internal/lfs/inventory.go:329.17,331.4 1 0
github.com/calypr/git-drs/internal/lfs/inventory.go:332.3,332.16 1 279
github.com/calypr/git-drs/internal/lfs/inventory.go:332.16,334.4 1 6
github.com/calypr/git-drs/internal/lfs/inventory.go:335.3,335.25 1 273
github.com/calypr/git-drs/internal/lfs/inventory.go:339.55,341.21 2 5
github.com/calypr/git-drs/internal/lfs/inventory.go:341.21,343.3 1 0
github.com/calypr/git-drs/internal/lfs/inventory.go:344.2,345.28 2 5
github.com/calypr/git-drs/internal/lfs/inventory.go:345.28,347.3 1 0
github.com/calypr/git-drs/internal/lfs/inventory.go:348.2,348.18 1 5
github.com/calypr/git-drs/internal/lfs/inventory.go:351.51,353.16 2 5
github.com/calypr/git-drs/internal/lfs/inventory.go:353.16,355.3 1 0
github.com/calypr/git-drs/internal/lfs/inventory.go:356.2,356.15 1 5
github.com/calypr/git-drs/internal/lfs/inventory.go:356.15,358.3 1 0
github.com/calypr/git-drs/internal/lfs/inventory.go:359.2,359.12 1 5
github.com/calypr/git-drs/internal/lfs/inventory.go:362.86,364.16 2 3
github.com/calypr/git-drs/internal/lfs/inventory.go:364.16,366.3 1 0
github.com/calypr/git-drs/internal/lfs/inventory.go:367.2,369.28 3 3
github.com/calypr/git-drs/internal/lfs/inventory.go:369.28,371.18 2 9
github.com/calypr/git-drs/internal/lfs/inventory.go:371.18,372.12 1 3
github.com/calypr/git-drs/internal/lfs/inventory.go:374.3,374.31 1 6
github.com/calypr/git-drs/internal/lfs/inventory.go:376.2,376.19 1 3
github.com/calypr/git-drs/internal/lfs/inventory.go:379.99,380.21 1 1
github.com/calypr/git-drs/internal/lfs/inventory.go:380.21,382.3 1 0
github.com/calypr/git-drs/internal/lfs/inventory.go:384.2,390.34 7 1
github.com/calypr/git-drs/internal/lfs/inventory.go:390.34,392.16 2 0
github.com/calypr/git-drs/internal/lfs/inventory.go:392.16,394.4 1 0
github.com/calypr/git-drs/internal/lfs/inventory.go:395.3,395.59 1 0
github.com/calypr/git-drs/internal/lfs/inventory.go:398.2,400.37 3 1
github.com/calypr/git-drs/internal/lfs/inventory.go:400.37,404.37 4 2
github.com/calypr/git-drs/internal/lfs/inventory.go:404.37,405.12 1 0
github.com/calypr/git-drs/internal/lfs/inventory.go:407.3,407.29 1 2
github.com/calypr/git-drs/internal/lfs/inventory.go:407.29,409.4 1 1
github.com/calypr/git-drs/internal/lfs/inventory.go:411.2,411.22 1 1
github.com/calypr/git-drs/internal/lfs/inventory.go:414.41,415.34 1 4
github.com/calypr/git-drs/internal/lfs/inventory.go:416.20,417.14 1 2
github.com/calypr/git-drs/internal/lfs/inventory.go:418.10,419.15 1 2
github.com/calypr/git-drs/internal/lfs/inventory.go:423.72,425.16 2 1
github.com/calypr/git-drs/internal/lfs/inventory.go:425.16,427.3 1 0
github.com/calypr/git-drs/internal/lfs/inventory.go:428.2,429.9 2 1
github.com/calypr/git-drs/internal/lfs/inventory.go:429.9,431.3 1 1
github.com/calypr/git-drs/internal/lfs/inventory.go:432.2,439.9 1 0
github.com/calypr/git-drs/internal/lfs/inventory.go:442.90,444.16 2 1
github.com/calypr/git-drs/internal/lfs/inventory.go:444.16,446.3 1 0
github.com/calypr/git-drs/internal/lfs/inventory.go:447.2,448.9 2 1
github.com/calypr/git-drs/internal/lfs/inventory.go:448.9,450.3 1 0
github.com/calypr/git-drs/internal/lfs/inventory.go:451.2,458.9 1 1
github.com/calypr/git-drs/internal/lfs/inventory.go:461.83,468.16 7 2
github.com/calypr/git-drs/internal/lfs/inventory.go:468.16,470.58 2 0
github.com/calypr/git-drs/internal/lfs/inventory.go:470.58,472.4 1 0
github.com/calypr/git-drs/internal/lfs/inventory.go:473.3,474.16 2 0
github.com/calypr/git-drs/internal/lfs/inventory.go:474.16,476.4 1 0
github.com/calypr/git-drs/internal/lfs/inventory.go:477.3,477.36 1 0
github.com/calypr/git-drs/internal/lfs/inventory.go:480.2,483.28 4 2
github.com/calypr/git-drs/internal/lfs/inventory.go:483.28,485.18 2 5
github.com/calypr/git-drs/internal/lfs/inventory.go:485.18,486.12 1 2
github.com/calypr/git-drs/internal/lfs/inventory.go:488.3,489.38 2 3
github.com/calypr/git-drs/internal/lfs/inventory.go:489.38,491.4 1 3
github.com/calypr/git-drs/internal/lfs/inventory.go:492.3,492.30 1 3
github.com/calypr/git-drs/internal/lfs/inventory.go:494.2,494.19 1 2
github.com/calypr/git-drs/internal/lfs/inventory.go:497.89,503.34 6 4
github.com/calypr/git-drs/internal/lfs/inventory.go:503.34,505.16 2 0
github.com/calypr/git-drs/internal/lfs/inventory.go:505.16,507.4 1 0
github.com/calypr/git-drs/internal/lfs/inventory.go:508.3,508.35 1 0
github.com/calypr/git-drs/internal/lfs/inventory.go:510.2,510.29 1 4
github.com/calypr/git-drs/internal/lfs/inventory.go:520.57,524.86 3 11
github.com/calypr/git-drs/internal/lfs/inventory.go:524.86,526.17 2 29
github.com/calypr/git-drs/internal/lfs/inventory.go:526.17,527.12 1 6
github.com/calypr/git-drs/internal/lfs/inventory.go:529.3,529.42 1 23
github.com/calypr/git-drs/internal/lfs/inventory.go:529.42,531.12 2 6
github.com/calypr/git-drs/internal/lfs/inventory.go:533.3,533.38 1 17
github.com/calypr/git-drs/internal/lfs/inventory.go:533.38,536.23 3 6
github.com/calypr/git-drs/internal/lfs/inventory.go:536.23,538.5 1 0
github.com/calypr/git-drs/internal/lfs/inventory.go:539.4,541.12 3 6
github.com/calypr/git-drs/internal/lfs/inventory.go:543.3,543.39 1 11
github.com/calypr/git-drs/internal/lfs/inventory.go:543.39,546.28 3 6
github.com/calypr/git-drs/internal/lfs/inventory.go:546.28,548.5 1 0
github.com/calypr/git-drs/internal/lfs/inventory.go:549.4,549.15 1 6
github.com/calypr/git-drs/internal/lfs/inventory.go:553.2,553.55 1 11
github.com/calypr/git-drs/internal/lfs/inventory.go:553.55,555.3 1 5
github.com/calypr/git-drs/internal/lfs/inventory.go:556.2,556.59 1 6
github.com/calypr/git-drs/internal/lfs/inventory.go:556.59,558.3 1 0
github.com/calypr/git-drs/internal/lfs/inventory.go:560.2,560.16 1 6
github.com/calypr/git-drs/internal/lfs/inventory.go:565.69,567.9 2 0
github.com/calypr/git-drs/internal/lfs/inventory.go:567.9,569.3 1 0
github.com/calypr/git-drs/internal/lfs/inventory.go:570.2,570.40 1 0
github.com/calypr/git-drs/internal/lfs/inventory.go:573.44,574.24 1 1
github.com/calypr/git-drs/internal/lfs/inventory.go:574.24,576.3 1 0
github.com/calypr/git-drs/internal/lfs/inventory.go:577.2,579.34 3 1
github.com/calypr/git-drs/internal/lfs/inventory.go:579.34,581.19 2 2
github.com/calypr/git-drs/internal/lfs/inventory.go:581.19,582.12 1 0
github.com/calypr/git-drs/internal/lfs/inventory.go:584.3,585.62 2 2
github.com/calypr/git-drs/internal/lfs/inventory.go:585.62,587.4 1 2
github.com/calypr/git-drs/internal/lfs/inventory.go:588.3,588.29 1 2
github.com/calypr/git-drs/internal/lfs/inventory.go:588.29,589.12 1 0
github.com/calypr/git-drs/internal/lfs/inventory.go:591.3,592.27 2 2
github.com/calypr/git-drs/internal/lfs/inventory.go:594.2,594.20 1 1
github.com/calypr/git-drs/internal/lfs/inventory.go:594.20,596.3 1 0
github.com/calypr/git-drs/internal/lfs/inventory.go:597.2,597.13 1 1
github.com/calypr/git-drs/internal/lfs/inventory.go:601.67,604.18 3 0
github.com/calypr/git-drs/internal/lfs/inventory.go:604.18,606.3 1 0
github.com/calypr/git-drs/internal/lfs/inventory.go:609.2,615.16 5 0
github.com/calypr/git-drs/internal/lfs/inventory.go:615.16,617.3 1 0
github.com/calypr/git-drs/internal/lfs/inventory.go:619.2,619.12 1 0
github.com/calypr/git-drs/internal/lfs/object_path.go:10.62,12.20 2 1
github.com/calypr/git-drs/internal/lfs/object_path.go:12.20,14.3 1 1
github.com/calypr/git-drs/internal/lfs/object_path.go:16.2,16.61 1 0
github.com/calypr/git-drs/internal/lfs/repo_paths.go:15.78,18.16 3 4
github.com/calypr/git-drs/internal/lfs/repo_paths.go:18.16,20.14 2 1
github.com/calypr/git-drs/internal/lfs/repo_paths.go:20.14,22.4 1 1
github.com/calypr/git-drs/internal/lfs/repo_paths.go:23.3,23.44 1 0
github.com/calypr/git-drs/internal/lfs/repo_paths.go:25.2,25.23 1 3
github.com/calypr/git-drs/internal/lfs/repo_paths.go:31.79,33.16 2 4
github.com/calypr/git-drs/internal/lfs/repo_paths.go:33.16,35.3 1 0
github.com/calypr/git-drs/internal/lfs/repo_paths.go:36.2,38.15 2 4
github.com/calypr/git-drs/internal/lfs/repo_paths.go:38.15,40.3 1 1
github.com/calypr/git-drs/internal/lfs/repo_paths.go:42.2,42.87 1 3
github.com/calypr/git-drs/internal/lfs/repo_paths.go:42.87,44.32 2 1
github.com/calypr/git-drs/internal/lfs/repo_paths.go:44.32,46.4 1 1
github.com/calypr/git-drs/internal/lfs/repo_paths.go:49.2,49.26 1 3
github.com/calypr/git-drs/internal/lfs/repo_paths.go:49.26,51.3 1 1
github.com/calypr/git-drs/internal/lfs/repo_paths.go:52.2,52.33 1 3
github.com/calypr/git-drs/internal/lfs/repo_paths.go:55.66,58.16 3 4
github.com/calypr/git-drs/internal/lfs/repo_paths.go:58.16,60.3 1 0
github.com/calypr/git-drs/internal/lfs/repo_paths.go:61.2,61.23 1 4
github.com/calypr/git-drs/internal/lfs/repo_paths.go:64.36,65.31 1 1
github.com/calypr/git-drs/internal/lfs/repo_paths.go:65.31,67.3 1 0
github.com/calypr/git-drs/internal/lfs/repo_paths.go:68.2,68.62 1 1
github.com/calypr/git-drs/internal/lfs/repo_paths.go:68.62,70.3 1 1
github.com/calypr/git-drs/internal/lfs/repo_paths.go:71.2,72.16 2 0
github.com/calypr/git-drs/internal/lfs/repo_paths.go:72.16,74.3 1 0
github.com/calypr/git-drs/internal/lfs/repo_paths.go:75.2,75.44 1 0
github.com/calypr/git-drs/internal/lfs/repo_paths.go:78.67,80.16 2 4
github.com/calypr/git-drs/internal/lfs/repo_paths.go:80.16,82.3 1 0
github.com/calypr/git-drs/internal/lfs/repo_paths.go:83.2,84.15 2 4
github.com/calypr/git-drs/internal/lfs/repo_paths.go:84.15,86.3 1 0
github.com/calypr/git-drs/internal/lfs/repo_paths.go:87.2,87.26 1 4
github.com/calypr/git-drs/internal/lfs/repo_paths.go:87.26,89.17 2 4
github.com/calypr/git-drs/internal/lfs/repo_paths.go:89.17,91.4 1 4
github.com/calypr/git-drs/internal/lfs/repo_paths.go:93.2,93.17 1 4
github.com/calypr/git-drs/internal/lfs/repo_paths.go:97.73,99.16 2 0
github.com/calypr/git-drs/internal/lfs/repo_paths.go:99.16,101.3 1 0
github.com/calypr/git-drs/internal/lfs/repo_paths.go:102.2,103.16 2 0
github.com/calypr/git-drs/internal/lfs/repo_paths.go:103.16,105.3 1 0
github.com/calypr/git-drs/internal/lfs/repo_paths.go:106.2,106.19 1 0
github.com/calypr/git-drs/internal/lfs/repo_paths.go:106.19,108.3 1 0
github.com/calypr/git-drs/internal/lfs/repo_paths.go:109.2,109.35 1 0
